title,url
Democrat Zohran Mamdani elected mayor of New York City,https://www.cbc.ca/news/world/new-york-city-election-results-9.6966833?cmp=rss
What Worked for Zohran Mamdani,https://www.theatlantic.com/technology/2025/11/zohran-mamdani-campaign-slop/684842/
Zohran Mamdani Says He’s Ready for Donald Trump,https://www.newyorker.com/podcast/the-new-yorker-radio-hour/zohran-mamdani-says-hes-ready-for-donald-trump
House Minority Leader Jeffries endorses Zohran Mamdani,https://www.washingtonpost.com/politics/2025/10/24/zohran-mamdani-hakeem-jeffries-endorsement/
The Mainstreaming of Zohran Mamdani,https://www.theatlantic.com/ideas/archive/2025/08/zohran-mamdani-socialism-party/683890/
"MSNBC Exclusive: Zohran Mamdani responds to JD Vance: ""Cheap jokes about Islamophobia”",https://www.msnbc.com/the-weekend-primetime/watch/msnbc-exclusive-zohran-mamdani-responds-to-jd-vance-cheap-jokes-about-islamophobia-250635333796
BREAKING- NY Gov. Katchy Hochul endorses Zohran Mamdani for mayor,https://www.msnbc.com/the-weekend-primetime/watch/breaking-ny-gov-katchy-hochul-endorses-zohran-mamdani-for-mayor-247570501521
How Zohran Mamdani Says He Won,https://www.nytimes.com/video/nyregion/100000010249653/how-zohran-mamdani-says-he-won.html
MSNBC Exclusive: Zohran Mamdani reacts to Eric Adams dropping out of NYC mayoral race,https://www.msnbc.com/on-assignment/watch/msnbc-exclusive-zohran-mamdani-reacts-to-eric-adams-dropping-out-of-nyc-mayoral-race-248544325558
Zohran Mamdani Wins New York City Mayoral Election,https://www.nytimes.com/video/us/elections/100000010504614/nyc-mayor-mamdani-elected.html
Is Zohran Mamdani the right model for Democrats? - The Washington Post,https://www.washingtonpost.com/opinions/2025/06/29/zohran-mamdani-mayor-primary-reactions/
Zohran Mamdani declares victory in NYC mayoral primary,https://www.msnbc.com/morning-joe/watch/zohran-mamdani-declares-victory-in-nyc-mayoral-primary-242224197572
What Zohran Mamdani Knows About Power,https://www.newyorker.com/magazine/2025/10/20/zohran-mamdani-profile
Opinion | How Zohran Mamdani is teaching Democrats to lose,https://www.washingtonpost.com/opinions/2025/08/25/zohran-mamdani-democrats-lose-liability-midterms/
Texas man arrested over Islamophobic threats against Zohran Mamdani,https://www.msnbc.com/top-stories/latest/texas-man-arrested-islamophobic-threats-zohran-mamdani-rcna232223
Will the attacks on Zohran Mamdani awaken a “sleeping giant”?,https://www.vox.com/politics/466893/islamophobia-new-york-mayor-zohran-mamdani-muslim-american-voters-andrew-cuomo-election
Zohran Mamdani doesn't need Hakeem Jeffries' endorsement,https://www.msnbc.com/opinion/msnbc-opinion/zohran-mamdani-endorsement-hakeem-jeffries-race-cuomo-rcna220025
Zohran Mamdani slams JD Vance for pushing ‘cheap jokes about Islamophobia’,https://www.msnbc.com/top-stories/latest/zohran-mamdani-hits-back-jd-vance-islamophobia-new-york-rcna240085
Daniel Denvir Digs Zohran Mamdani,https://www.newyorker.com/magazine/2025/11/03/daniel-denvir-digs-zohran-mamdani
Who is New York City mayoral candidate Zohran Mamdani?,https://www.washingtonpost.com/politics/2025/06/24/zohran-mamdani-new-york-city-mayor-elections/
The Magic Realism of Zohran Mamdani,https://www.theatlantic.com/ideas/archive/2025/06/zohran-mamdani-mayoral-candidate-nyc/683215/
"Trump intensifies offensive against NYC’s Zohran Mamdani, muses about possible ‘arrest’",https://www.msnbc.com/rachel-maddow-show/maddowblog/trump-intensifies-offensive-nycs-zohran-mamdani-muses-possible-arrest-rcna216462
‘Outrageous’: Zohran Mamdani on Trump’s ‘audacious’ plan to sway NYC election,https://www.msnbc.com/all-in/watch/-outrageous-zohran-mamdani-on-trump-s-audacious-plan-to-sway-nyc-election-246634565957
New York Gov. Kathy Hochul endorses Zohran Mamdani,https://www.msnbc.com/top-stories/latest/kathy-hochul-endorses-zohran-mamdani-rcna231373
Zohran Mamdani Is About to Confront Reality,https://www.theatlantic.com/politics/2025/11/zohran-mamdani-mayor-promises/684843/
Why I’m not surprised Obama called Zohran Mamdani,https://www.msnbc.com/top-stories/latest/barack-obama-calls-zohran-mamdani-new-york-democrats-rcna225256
Zohran Mamdani Reveals the Absurdity of Affirmative Action,https://www.theatlantic.com/ideas/archive/2025/07/zohran-mamdani-black-affirmative-action/683506/
Zohran Mamdani wins NYC Democratic mayoral primary to advance to general election,https://www.msnbc.com/top-stories/latest/zohran-mamdani-wins-nyc-democratic-mayoral-primary-ranked-choice-rcna203588
Andrew Cuomo and Zohran Mamdani trade jabs in heated NYC mayoral debate,https://www.cbc.ca/news/world/andrew-cuomo-and-zohran-mamdani-trade-jabs-in-heated-nyc-mayoral-debate-9.6941981?cmp=rss
Zohran Mamdani declares victory in NYC's Democratic mayoral primary; Cuomo concedes,https://www.cbc.ca/news/world/zohran-mamdani-nyc-democratic-mayoral-primary-1.7570151?cmp=rss
How Zohran Mamdani should confront Trump’s relentless intimidation campaign,https://www.msnbc.com/opinion/msnbc-opinion/trump-zohran-mamdani-nyc-mayor-response-rcna239351
Zohran Mamdani Talks Love and Deuce with Some New Friends,https://www.newyorker.com/magazine/2025/09/01/zohran-mamdani-talks-love-and-deuce-with-some-new-friends
Eric Adams’ dropping out is a cautionary tale for Zohran Mamdani,https://www.msnbc.com/opinion/msnbc-opinion/eric-adams-nyc-mayors-race-cuomo-mamdani-rcna234525
Zohran Mamdani said the quiet part out loud about his Muslim identity,https://www.msnbc.com/opinion/msnbc-opinion/zohran-mamdani-muslim-new-york-mayor-islamophobia-rcna240132
Zohran Mamdani: Trump’s meddling in NYC mayoral race is ‘an affront to our city’s democracy’,https://www.msnbc.com/top-stories/latest/zohran-mamdani-andrew-cuomo-eric-adams-trump-new-york-city-election-rcna229115
Why Won’t Zohran Mamdani Denounce a Dangerous Slogan?,https://www.theatlantic.com/ideas/archive/2025/06/zohran-mamdani-globalize-intifada/683300/
How Zohran Mamdani used social media to build a movement,https://www.washingtonpost.com/politics/2025/06/26/zohran-mamdani-social-media-memes/
GOP quickly seeks to make Zohran Mamdani the face of the Democratic Party,https://www.washingtonpost.com/politics/2025/06/26/republicans-zohran-mamdani-democrats-socialist/
Zohran Mamdani smashed the left’s ceiling in New York - The Washington Post,https://www.washingtonpost.com/opinions/2025/06/26/zohran-mamdani-victory-how-he-won/
Zohran Mamdani Shares Message to Vote at PinkPantheress’ Tour Opener: ‘Our Time Has Come’,https://www.rollingstone.com/music/music-news/pinkpantheress-zohran-mamdani-new-york-show-surprise-cameo-1235454442/
Zohran Mamdani clinches Democratic nomination for NYC mayor,https://www.washingtonpost.com/politics/2025/07/01/zohran-mamdani-wins-nyc-mayor-democratic-primary/
What Zohran Mamdani Got Right About Running for Mayor,https://www.newyorker.com/news/the-lede/what-zohran-mamdani-got-right-about-running-for-mayor
Andrew Cuomo's pivot on Israel marks a victory for Zohran Mamdani,https://www.msnbc.com/opinion/msnbc-opinion/andrew-cuomo-israel-zohran-mamdani-polls-nyc-race-rcna231628
Zohran Mamdani vows to ‘hit the ground running’ on ambitious agenda following historic victory,https://apnews.com/article/zohran-mamdani-andrew-cuomo-nyc-mayor-369fd62886971f8c71695fbc236c5506
Zohran Mamdani Advocates for LGBTQ+ New Yorkers at All Things Go With Lucy Dacus,https://www.rollingstone.com/music/music-news/zohran-mamdani-lucy-dacus-performs-all-things-go-sufjan-1235436712/
How N.Y.C. Voted For Mamdani,https://www.nytimes.com/video/nyregion/100000010493592/how-mamdani-won-nyc.html
Edel Rodriguez’s “Mayor Mamdani”,https://www.newyorker.com/culture/cover-story/cover-story-2025-11-17
Psaki: Mamdani gave voters an opportunity to be excited,https://www.msnbc.com/msnbc/watch/psaki-mamdani-gave-voters-an-opportunity-to-be-excited-251351621934
Zohran Mamdani’s Lesson for the Left,https://www.theatlantic.com/politics/archive/2025/07/zohran-mamdani-brad-lander-progressives/683446/
Zohran Mamdani victory is bad for New York and the Democratic Party - The Washington Post,https://www.washingtonpost.com/opinions/2025/06/26/mamdani-new-york-mayor-socialism/
Mamdani denounces Cuomo’s ‘racist’ attacks in New York mayoral race,https://www.washingtonpost.com/politics/2025/10/23/cuomo-mamdani-attacks-new-york/
"Democrats, Mamdani Doesn’t Point the Way Forward",https://www.theatlantic.com/politics/2025/11/mamdani-platform-democrats-national/684855/
I know exactly what the racist attacks on Zohran Mamdani are meant to do,https://www.msnbc.com/opinion/msnbc-opinion/zohran-mamdani-trump-arrest-racist-attacks-denaturalize-rcna216460
"Donald Trump, Zohran Mamdani, and Posting as Politics",https://www.newyorker.com/culture/infinite-scroll/donald-trump-zohran-mamdani-and-posting-as-politics
Zohran Mamdani and Mahmoud Khalil Are In on the Joke,https://www.newyorker.com/news/essay/zohran-mamdani-and-mahmoud-khalil-are-in-on-the-joke
5 takeaways from the final Mamdani-Cuomo debate,https://www.washingtonpost.com/politics/2025/10/22/new-york-mayor-debate-cuomo-mamdani/
"Trump signals meeting with Mamdani, says ‘we’ll work something out’",https://www.washingtonpost.com/politics/2025/11/17/trump-mamdani-meeting-new-york/
Mamdani draws attention in India for harsh criticism of Modi,https://www.washingtonpost.com/world/2025/06/26/zohran-mamdani-modi-india-muslims-gujarat/
"Mamdani faces Islamophobic attacks from GOP lawmakers, commentators",https://www.washingtonpost.com/politics/2025/06/27/mamdani-republican-attacks-muslim/
Maps: See the New York Neighborhoods That Swept Mamdani to Victory,https://www.nytimes.com/interactive/2025/11/05/nyregion/nyc-mayor-election-results-mamdani-cuomo.html
Trump threatened to cut funding if New Yorkers voted for Mamdani. They did it anyway,https://www.cbc.ca/news/world/mamdani-trump-9.6967833?cmp=rss
Mamdani is elected mayor of New York. Here are his next hurdles.,https://www.washingtonpost.com/politics/2025/11/05/mamdani-newyork-mayor-trump/
Mamdani pulls out of event with ABC station after Kimmel suspension,https://www.washingtonpost.com/politics/2025/09/22/mamdani-abc-kimmel-town-hall/
Van Hollen accuses Democrats who don’t back Mamdani of ‘spineless politics’,https://www.washingtonpost.com/politics/2025/09/14/van-hollen-democrats-mamdani-jeffries/
"Trump and Mamdani, best of enemies, can’t stop talking about each other",https://www.washingtonpost.com/politics/2025/11/03/mamdani-trump-mayor-newyork/
Mamdani Leads in Latest Polls,https://www.nytimes.com/video/us/elections/100000010491269/new-york-city-election-polls.html
Mamdani ‘defund the police’ apology shows dubious effort at moderation - The Washington Post,https://www.washingtonpost.com/opinions/2025/09/14/zohran-mamdani-newyork-mayor-defund-moderation/
"Zohran Mamdani’s free bus proposal would mean slower, costlier service - The Washington Post",https://www.washingtonpost.com/opinions/2025/10/11/mamdani-free-buses-new-york-mayor/
"After Adams exit, Mamdani looks to solidify lead in NYC as Trump meddles",https://www.washingtonpost.com/elections/2025/09/29/zohran-mamdani-new-york-adams-exit/
Mamdani as New York mayor would be instructive about socialism’s harms - The Washington Post,https://www.washingtonpost.com/opinions/2025/08/13/new-york-democrat-mamdani-socialism/
"Austin, Detroit, Minneapolis and Nantucket show Mamdani is anomalous - The Washington Post",https://www.washingtonpost.com/opinions/2025/11/06/election-results-austin-detroit-minneapolis-nantucket-mamdani/
Zohran Mamdani’s ideas won’t stay in New York if he wins mayor’s race - The Washington Post,https://www.washingtonpost.com/opinions/2025/11/03/zohran-mamdani-new-york-mayor-election/
New York Democratic chairman Jay Jacobs is a Mamdani holdout - The Washington Post,https://www.washingtonpost.com/opinions/2025/09/20/zohran-mamdani-new-york-holdout/
"Mamdani wins historic NYC mayor's race, NBC News projects",https://www.msnbc.com/top-stories/latest/mamdani-wins-nyc-mayor-race-election-results-rcna240589
"Mamdani vs. Lurie: Cheating sports gamblers, place your bets - The Washington Post",https://www.washingtonpost.com/opinions/2025/11/07/dick-cheney-redistricting-lurie-mamdani/
Mamdani endorsement from Hochul shows Democrats are spineless - The Washington Post,https://www.washingtonpost.com/opinions/2025/09/16/mamdani-hochul-democrats-endorsement-mayor-race/
What the Islamophobic Attacks on Mamdani Reveal,https://www.theatlantic.com/politics/archive/2025/06/zohran-mamdani-maga-islamophobia/683349/
'From lecturing to listening': Mamdani explains how he drew votes from Trump supporters in NYC race,https://www.msnbc.com/the-briefing-with-jen-psaki/watch/-from-lecturing-to-listening-mamdani-explains-how-he-drew-votes-from-trump-supporters-in-nyc-race-242277957507
"How Zohran Mamdani Won, and What Comes Next",https://www.newyorker.com/podcast/political-scene/how-zohran-mamdani-won-and-what-comes-next
Why Zohran Mamdani’s victory will resonate beyond New York City,https://www.vox.com/today-explained-newsletter/467385/zohran-mamdani-new-york-city-mayor-victory-explained
The Mamdani Era Begins,https://www.newyorker.com/news/our-local-correspondents/the-mamdani-era-begins
"RZA, Mamdani Talk ‘Mission’ to Make NYC Affordable: It’s ‘Wu-Tang Financial’",https://www.rollingstone.com/music/music-news/zohran-mamdani-wu-tang-clan-nyc-affordable-1235392891/
"Republicans, X accused of spreading racism, Islamophobia in posts about NYC's Mamdani",https://www.cbc.ca/news/world/nyc-mamdani-posts-1.7572407?cmp=rss
"Zohran Mamdani won over young and Latino voters. Take note, GOP. - The Washington Post",https://www.washingtonpost.com/opinions/2025/07/02/trump-young-voters-latino-approval-drop/
How Zohran Mamdani Became the Main Character of New York City,https://www.newyorker.com/podcast/critics-at-large/how-zohran-mamdani-became-the-main-character-of-new-york-city
Mamdani on Trump’s deportation threat: We won’t ‘accept this intimidation’,https://www.washingtonpost.com/politics/2025/07/01/trump-threatens-deport-zohran-mamdani/
How Zohran Mamdani is charming a famously hard-nosed city,https://www.washingtonpost.com/nation/2025/10/18/new-york-city-mamdani-cuomo-mayors-election/
Zohran Mamdani’s all-female transition team features familiar names,https://www.msnbc.com/top-stories/latest/zohran-mamdanis-female-transition-team-features-familiar-names-rcna242140
Zohran Mamdani’s New York City Miracle,https://www.newyorker.com/news/the-lede/zohran-mamdanis-new-york-city-miracle
What Zohran Mamdani’s Bid for Mayor Reveals About Being Muslim in America,https://www.newyorker.com/news/the-lede/what-zohran-mamdanis-bid-for-mayor-reveals-about-being-muslim-in-america
Megyn Kelly’s xenophobic rant against Zohran Mamdani is as MAGA as it gets,https://www.msnbc.com/opinion/msnbc-opinion/megyn-kelly-zohran-mamdani-ben-shapiro-islam-antisemitism-rcna242187
Zohran Mamdani’s not-so-radical agenda,https://www.vox.com/politics/418626/zohran-mamdani-new-york-city-mayor-socialist-agenda
"Trump plans to meet with Mamdani, says he’ll ‘work something out’ with New York City’s mayor-elect",https://apnews.com/article/donald-trump-zohran-mamdani-new-york-635ff08a532f23f290837980fdaddfe6
Zohran Mamdani calls himself a democratic socialist. Here’s what that means.,https://www.washingtonpost.com/politics/2025/07/01/zohran-mamdani-democratic-socialism-meaning-nyc/
How Zohran won New York City’s Democratic primary - Washington Post,https://www.washingtonpost.com/opinions/interactive/2025/mamdani-nyc-mayor-primary-shock-victory/
"As Mamdani nears victory, Democrats worry about national fallout",https://www.msnbc.com/msnbc/news/mamdani-nears-victory-democrats-worry-national-fallout-rcna241713
Republicans want to make Mamdani their new bogeyman. That won’t work.,https://www.msnbc.com/inside-with-jen-psaki/zohran-mamdani-republican-target-blueprint-newsletter-rcna242204
Mamdani aims to stay above the fray while Cuomo angles for GOP votes in final NYC mayoral debate,https://apnews.com/article/mamdani-cuomo-sliwa-nyc-mayor-election-debate-982e44969868d8a7a3c69cf4023f9533
Zohran Mamdani’s win is a template for Democratic revival,https://www.msnbc.com/opinion/msnbc-opinion/zohran-mamdani-nyc-election-democrats-lessons-rcna242681
Can Cuomo persuade enough New Yorkers to be scared of Mamdani?,https://www.msnbc.com/news/news-analysis/andrew-cuomo-zohran-mamdani-new-york-mayor-fear-tactics-rcna241140
Why Zohran Mamdani’s historic victory in New York is so special,https://www.msnbc.com/opinion/msnbc-opinion/zohran-mamdani-nyc-mayor-election-muslim-rcna241866
Zohran Mamdani's victory in New York provides a major lesson for Democrats,https://www.msnbc.com/opinion/msnbc-opinion/zohran-mamdani-new-york-mayor-democrats-trump-rcna215007
Mamdani Is the Foil Trump Wants,https://www.theatlantic.com/politics/2025/11/mamdani-trump-new-york-city/684823/
Mamdani charms national Democrats. But N.Y. Dems are just meh.,https://www.washingtonpost.com/politics/2025/07/17/zohran-mamdani-washington-new-york-democrats-jeffries/
Can Mamdani Pull Off a Child-Care Miracle?,https://www.theatlantic.com/ideas/2025/11/mamdani-child-care/684783/
What Democrats can (and can’t) learn from Zohran Mamdani’s triumph,https://www.vox.com/politics/417776/zohran-mamdani-cuomo-nyc-mayor-policies-democrats
Mamdani may join a global trend of mayors standing up to nationalists,https://www.washingtonpost.com/world/2025/06/27/mamdani-budapest-pride-nationalists/
What Zohran Mamdani’s Defeat of Andrew Cuomo Means for the Democrats,https://www.newyorker.com/news/the-lede/what-zohran-mamdanis-defeat-of-andrew-cuomo-means-for-the-democrats
NYC Mayor Eric Adams says he won’t quit the race and is the only one who can beat Mamdani,https://apnews.com/article/eric-adams-trump-job-offer-nyc-mayor-1005e2938a564324fe07206fc16dc164
Mamdani Has a Point About Rent Control,https://www.theatlantic.com/economy/archive/2025/11/mamdani-housing-rent-control/684790/
Mamdani’s Victory Is Less Significant Than You Think - The New York Times,https://www.nytimes.com/video/opinion/100000010502408/mamdanis-victory-is-less-significant-than-you-think.html
"Mamdani and Cuomo face off as New York City chooses new mayor, while Sliwa hopes for an upset",https://apnews.com/article/mamdani-cuomo-sliwa-nyc-mayor-af8b9790e7cb4e023d0984a0207cbcca
Why Andrew Cuomo's fear-based tactics didn't work against Zohran Mamdani's optimism,https://www.msnbc.com/opinion/msnbc-opinion/andrew-cuomo-zohran-mamdani-new-york-city-mayor-primary-rcna214987
How would Zohran Mamdani’s dream economy actually work?,https://www.vox.com/politics/467397/zohran-mamdani-nyc-mayor-democratic-socialism
Just As You Feared—Life in Zohran Mamdani’s New York,https://www.newyorker.com/humor/shouts-murmurs/just-as-you-feared-life-in-zohran-mamdanis-new-york
New Yorkers will elect a new mayor today. Here's what you need to know,https://www.cbc.ca/news/world/new-york-mayoral-mamdani-cuomo-trump-9.6965479?cmp=rss
This Is What the Future of the Democratic Party Should Be - The New York Times,https://www.nytimes.com/video/opinion/100000010479590/this-is-what-the-future-of-the-democratic-party-should-be.html
Zohran Mamdani’s idea for NYC to run grocery stores needs to expire - The Washington Post,https://www.washingtonpost.com/opinions/2025/07/01/new-york-mamdani-grocery-stores/
Mamdani’s global city clashes with Trump’s nationalist project,https://www.washingtonpost.com/world/2025/11/04/mamdani-trump-democratic-socialism-nationalism/
Democrats win big on election night — and sidestep an identity crisis,https://www.msnbc.com/msnbc/news/2025-election-results-mamdani-sherrill-spanberger-democrats-rcna241893
Could New York's mayoral front-runner be the saviour of the Democratic Party?,https://www.cbc.ca/news/world/mamdani-democratic-party-future-9.6960266?cmp=rss
"With Mamdani, Democrats’ generational rift just got harder to ignore - The Washington Post",https://www.washingtonpost.com/opinions/2025/06/26/mamdani-generations-democrats-cuomo/
Mamdani’s victory speech previews class warfare in New York - The Washington Post,https://www.washingtonpost.com/opinions/2025/11/08/zohran-mamdani-class-warfare-new-york-mayor/
A democratic socialist is poised to become New York mayor. Democrats are nervous.,https://www.washingtonpost.com/politics/2025/10/28/mamdani-newyork-socialist-democrats/
What to know about New York City’s Democratic mayoral primary,https://www.washingtonpost.com/politics/2025/06/24/nyc-mayor-primary-election-democrats/
The Races to Watch This Election Day,https://www.newyorker.com/newsletter/the-daily/the-races-to-watch-this-election-day
Zohran Mamdani’s child care gamble,https://www.vox.com/politics/466205/zohran-mamdani-child-care-daycare-voters-politics-nyc-kids-parents
Zohran Mamdani’s victory is a Barack Obama moment for Muslims - The Washington Post,https://www.washingtonpost.com/opinions/2025/06/27/mamdani-muslim-barack-obama-moment/
N.Y.C. Mayoral Candidates Deliver Final Appeals Before Election,https://www.nytimes.com/video/nyregion/100000010499491/nyc-mayoral-election-candidate.html
Quiz: What Do You and the N.Y.C. Mayoral Candidates Agree On?,https://www.nytimes.com/interactive/2025/10/27/nyregion/nyc-mayor-quiz-mamdani-cuomo-sliwa.html
Debating Mamdani's refusal to condemn the phrase 'globalize the intifada',https://www.msnbc.com/morning-joe/watch/debating-mamdani-s-refusal-to-condemn-the-phrase-globalize-the-intifada-242455621872
"Cuomo: 'Diversity can be a weakness', must keep people of NYC united",https://www.msnbc.com/the-weekend/watch/cuomo-diversity-can-be-a-weakness-must-keep-people-of-nyc-united-251121733899
"After strong election, Democrats now face battle over who defines party",https://www.washingtonpost.com/politics/2025/11/05/democrats-2025-election-mamdani-spanberger-sherrill/
How NYC Neighborhoods Voted in the 2025 Mayoral Primary: Map,https://www.nytimes.com/interactive/2025/06/25/nyregion/nyc-mayor-election-results-map-mamdani-cuomo.html
Zohran Mamdani’s socialism vs. Donald Trump’s market intrusion - The Washington Post,https://www.washingtonpost.com/opinions/2025/08/26/mamdani-trump-socialism-intel/
Why is Trump intervening in the New York City mayor’s race?,https://www.washingtonpost.com/politics/2025/09/06/trump-adams-mamdani-cumo-campaign/
Zohran Mamdani's victory is a huge win for democratic socialism,https://www.msnbc.com/opinion/msnbc-opinion/zohran-mamdani-election-mayor-results-socialism-rcna241124
Are city-owned grocery stores an answer to sky-high supermarket prices?,https://www.cbc.ca/player/play/video/9.6827140?cmp=rss
Mamdani’s plans for gifted programs put equity ahead of opportunity - The Washington Post,https://www.washingtonpost.com/opinions/2025/10/03/mamdani-gifted-program-new-york-education/
'I will not give in. I will not give up!': Letitia James rebukes Trump following indictment,https://www.msnbc.com/the-weeknight/watch/-i-will-not-give-in-i-will-not-give-up-letitia-james-rebukes-trump-following-indictment-249819205517
No more 'wimpy politics’: Van Hollen pushes Dems to get off the sidelines,https://www.washingtonpost.com/politics/2025/09/24/van-hollen-democrat-senate-oppose-trump/
"New York, city of immigrants, scores another first — a Muslim mayor",https://www.washingtonpost.com/politics/2025/11/05/mamdani-mayor-muslim-newyork/
Sabrina Carpenter Arrests Nicole Kidman at Nashville Show: ‘We Come to This Arena for Magic’,https://www.rollingstone.com/music/music-news/sabrina-carpenter-nicole-kidman-arrest-nashville-1235459730/
Dynamic pricing could lead to cheaper dining - The Washington Post,https://www.washingtonpost.com/opinions/2025/11/13/mamdani-restaurants-pricing/
"Mamdani, Trump and the End of the Old Politics - The New York Times",https://www.nytimes.com/video/opinion/100000010254574/mamdani-trump-and-the-end-of-the-old-politics.html
Opinion | Young Black voters are trying out Republicans — and progressives,https://www.washingtonpost.com/opinions/2025/07/14/young-black-voters-democrats-trump-mamdani/
Did the Debate Move the Needle for Cuomo,https://www.nytimes.com/video/nyregion/100000010463878/did-the-debate-move-the-needle-for-cuomo.html
What the New York Mayoral Primary Means for Democrats,https://www.theatlantic.com/politics/archive/2025/06/new-york-mayoral-race-democrats/683325/
Trump endorses former Gov. Andrew Cuomo for New York City mayor,https://www.msnbc.com/top-stories/latest/trump-endorses-andrew-cuomo-new-york-city-mayor-rcna241747
The Washington Roundtable Answers Your Questions,https://www.newyorker.com/podcast/political-scene/the-washington-roundtable-answers-your-questions
"Why Trump’s battle with U.S. mayors might hurt everyone, even him",https://www.cbc.ca/news/world/trump-mamdani-mayors-cities-9.6971947?cmp=rss
Mayor Eric Adams says ‘no formal offers’ made to be ambassador to Saudi Arabia,https://www.msnbc.com/top-stories/latest/eric-adams-ambassador-saudi-arabia-rcna229355
New York Mayor Eric Adams ends reelection bid,https://www.washingtonpost.com/politics/2025/09/28/eric-adamsnew-york-mayor-campaign/
AOC just gave a boost to New York's new socialist superstar,https://www.msnbc.com/top-stories/latest/aoc-endorsement-zohran-mamdani-cuomo-new-york-mayor-rcna211215
BTS’ Jimin and Jung Kook Announce Season 2 of Travel Show ‘Are You Sure?!’,https://www.rollingstone.com/music/music-news/bts-jimin-jung-kook-are-you-sure-season-two-1235459740/
Opinion | Are democratic socialists really Democrats?,https://www.washingtonpost.com/opinions/2025/10/23/zohran-mamdani-democratic-socialist/
The Volunteer Groups Preparing for a Post-FEMA World,https://www.nytimes.com/video/climate/100000010186136/volunteers-fema-tornado-kentucky-.html
What’s the Future of This Car Feature That ‘Everyone Hates’?,https://www.nytimes.com/video/upshot/100000010227338/whats-the-future-of-this-car-feature-that-everyone-hates.html
Eric Adams drops out of New York mayoral race,https://www.msnbc.com/top-stories/latest/eric-adams-drops-out-new-york-mayor-rcna231491
Is a Mamdani repeat coming to the Midwest? A democratic socialist is getting a boost in Minnesota.,https://www.washingtonpost.com/politics/2025/07/24/mamdani-mayor-minneapolis-democrats/
Sean Combs Acquitted of Sex Trafficking but Found Guilty on Lesser Charges,https://www.nytimes.com/video/us/100000010263390/sean-combs-acquitted-of-sex-trafficking-but-found-guilty-on-lesser-charges.html
Jack Ciattarelli can win New Jersey governor’s race - The Washington Post,https://www.washingtonpost.com/opinions/2025/10/29/ciattarelli-new-jersey-governors-race/
The Democrats Get Back in the Game,https://www.newyorker.com/newsletter/the-daily/the-democrats-get-back-in-the-game
Andrew Cuomo tries another run for mayor -- this time as an independent,https://www.washingtonpost.com/politics/2025/07/14/cuomo-mamdani-newyork-mayor/
The astonishing racism in NYC’s mayoral race,https://www.vox.com/politics/419040/zohran-mamdani-racism-islamophobia-nyc-mayoral-race
How New York City neighborhoods voted in the Democratic mayoral primary,https://www.washingtonpost.com/politics/2025/06/25/new-york-city-results-neighborhood-map/
De Blasio impostor tricks newspaper into running anti-Mamdani quotes,https://www.washingtonpost.com/politics/2025/10/29/de-blasio-mamdani-times-london/
Cuomo and Sliwa aim to blunt Mamdani’s momentum in first NYC mayoral debate,https://apnews.com/article/nyc-mayor-debate-mamdani-cuomo-sliwa-election-e1fbf3c5c146c602ac5c3c786390c96c
The three-way battle for the Democratic Party,https://www.vox.com/politics/419913/democratic-agenda-abundance-zohran-mamdani-project-2029
The Democratic Party’s Identity Crisis,https://www.newyorker.com/podcast/political-scene/the-democratic-partys-identity-crisis
The real lesson of Zohran Mamdani’s education controversy,https://www.vox.com/politics/464138/zohran-mamdani-gifted-programs-education
New York City’s mayoral primary is a microcosm of the Democratic Party’s chaos,https://www.msnbc.com/opinion/msnbc-opinion/new-york-city-mayor-andrew-cuomo-zohran-mamdani-democratic-primary-rcna214600
"Mamdani, AOC, Sanders and Murphy scapegoat billionaires - The Washington Post",https://www.washingtonpost.com/opinions/2025/07/17/democratic-party-populism-trump/
Have the Democrats Figured Out How to Win Again?,https://www.newyorker.com/podcast/political-scene/have-the-democrats-figured-out-how-to-win-again
"For New York City mayoral candidates, the future could hinge on ranked ballots",https://www.cbc.ca/news/world/nyc-democratic-primary-cuomo-mamdani-1.7569184?cmp=rss
"Key state, local elections unfolding across U.S., with Trump factor looming",https://www.cbc.ca/news/world/virginia-new-jersey-california-elections-9.6966677?cmp=rss
Andrew Cuomo’s Long Goodbye,https://www.newyorker.com/news/the-lede/andrew-cuomos-long-goodbye
Trump is on the ballot in these seven races,https://www.msnbc.com/opinion/msnbc-opinion/election-day-virginia-new-jersey-new-york-project-47-rcna240971
How Much More Can Federal Workers Take?,https://www.newyorker.com/podcast/political-scene/how-much-more-can-federal-workers-take
"Mamdani win, Lurie successes create natural experiment for Democrats - The Washington Post",https://www.washingtonpost.com/opinions/2025/11/04/mamdani-lurie-new-york-san-francisco-mayor/
Mamdani’s stunning rise gives Democrats a playbook — and some perils,https://www.washingtonpost.com/politics/2025/06/25/democratic-party-mamdani-nyc-mayor/
Hakeem Jeffries: Affordability was the ‘connective tissue’ that led Democrats to victory,https://www.msnbc.com/top-stories/latest/hakeem-jeffries-affordability-democrats-election-wins-trump-rcna242201
"The N.Y.C. Mayoral Election, as Processed in Therapy",https://www.newyorker.com/news/the-lede/political-anxiety-is-running-new-yorks-mayoral-race
"For New York mayor, it’s a tight Democratic dogfight - The Washington Post",https://www.washingtonpost.com/opinions/2025/06/18/new-york-democrats-cuomo-mamdani-dogfight/
Opinion | New York Democrats ignored party elders and chose the better candidate,https://www.washingtonpost.com/opinions/2025/06/25/mamdani-cuomo-new-york-mayor-primary/
Early voting begins in New York City mayor’s race and contest to pick New Jersey’s next governor,https://apnews.com/article/mamdani-cuomo-sliwa-sherrill-ciattarelli-ad51d678c030399be2168742edd35e11
Five takeaways from the fiery New York City mayoral debate,https://www.msnbc.com/top-stories/latest/new-york-city-mayoral-debate-mamdani-cuomo-trump-rcna238229
Michael Ramirez cartoon on Zohran Mamdani - The Washington Post,https://www.washingtonpost.com/opinions/2025/08/21/michael-ramirez-cartoon-mamdani-liberty/
The Choice Between Cheap Groceries and Everything Else,https://www.theatlantic.com/ideas/archive/2025/07/zohran-mamdani-cheaper-groceries/683553/
"For the path forward after Mamdani's win, Democrats should look to the past",https://www.msnbc.com/top-stories/latest/zohran-mamdani-new-york-lessons-for-democrats-rcna215239
A Next-Generation Victory for Democrats,https://www.newyorker.com/news/the-lede/a-next-generation-victory-for-democrats
Democratic leadership should learn these lessons from Mamdani’s win - The Washington Post,https://www.washingtonpost.com/opinions/2025/06/25/mamdani-cuomo-democrats-new-york/
Beyoncé’s Flying Car Malfunctions During Houston Concert,https://www.rollingstone.com/music/music-news/beyonce-flying-car-malfunctions-houston-concert-1235375076/
Inside Curtis Sliwa’s Never-Ending Campaign,https://www.newyorker.com/news/the-lede/inside-curtis-sliwas-never-ending-campaign
"Pan-African Dreams, Post-Colonial Realities",https://www.newyorker.com/magazine/2025/10/13/the-second-emancipation-howard-w-french-book-review-slow-poison-mahmood-mamdani
Opinion | The New York mayor’s race shows a badly divided Democratic Party,https://www.washingtonpost.com/opinions/2025/06/04/new-york-mayor-democrats-cuomo-mamdani/
"How key demographic groups voted in 2025, according to the AP Voter Poll",https://apnews.com/article/poll-election-2025-demographics-voters-latino-black-b59518a2c8d2f37f857fe1ac32995b9a
"See Dua Lipa Cover Sinead O’Connor, the Beatles on U.K. Tour Stops",https://www.rollingstone.com/music/music-news/dua-lipa-cover-sinead-oconnor-the-beatles-uk-tour-stops-1235375110/
Four takeaways from Mamdani’s surprising results,https://www.washingtonpost.com/politics/2025/06/25/mamdani-mayor-nyc-takeaways/
"New Yorkers might vote for a socialist, but a Muslim? - The Washington Post",https://www.washingtonpost.com/opinions/2025/06/20/mamdani-cuomo-new-york-city-mayor/
Trump wants to take over some U.S. cities. It's unlikely — but he can make life hard for them,https://www.cbc.ca/news/world/trump-federal-takeover-new-york-washington-dc-1.7584505?cmp=rss
Trump wasn’t on the ballot on Tuesday — but still took a major loss,https://www.msnbc.com/msnbc/news/trump-election-2025-loss-democrats-win-rcna242024
"‘SNL’: Watch Brandi Carlile Perform ‘Church & State,’ ‘Human’",https://www.rollingstone.com/music/music-news/snl-watch-brandi-carlile-perform-church-state-human-1235458219/
See Olivia Rodrigo and Ed Sheeran Perform ‘The A Team’ Together in London,https://www.rollingstone.com/music/music-news/olivia-rodrigo-ed-sheeran-the-a-team-together-london-1235374950/
Racial identity in America is more complex than you think - The Washington Post,https://www.washingtonpost.com/opinions/2025/07/07/mamdani-america-racial-categorization/
There Are No Perfect Choices in the New York Mayoral Race,https://www.newyorker.com/news/our-local-correspondents/there-are-no-perfect-choices-in-the-new-york-mayoral-race
"Opinion | Among wealthy Manhattanites, Eric Adams wins the most-popular vote",https://www.washingtonpost.com/opinions/2025/07/11/eric-adams-wealthy-voters-popular/
Opinion | Is Zohran Mamdani wrong to want to rid of gifted programs?,https://www.washingtonpost.com/opinions/2025/10/12/gifted-elementary-zohran-mamdani-nuclear/
"In Seattle, Katie Wilson tries to outdo Zohran Mamdani - The Washington Post",https://www.washingtonpost.com/opinions/2025/11/16/seattle-socialist-mayor-katie-wilson-mamdani/
The One Race That Eric Adams Is Winning,https://www.newyorker.com/culture/the-lede/the-one-race-that-eric-adams-is-winning
"NYC mayor's race draws attention, but California, Pennsylvania votes Tuesday could shape national politics",https://www.cbc.ca/news/world/us-tuesday-off-year-elections-nj-va-calif-pa-9.6964438?cmp=rss
Morrissey Cancels Two Mexico Concerts Due to ‘Extreme Exhaustion’ Promoter Says,https://www.rollingstone.com/music/music-news/morrissey-cancels-two-mexico-concerts-extreme-exhaustion-1235458234/
Liam Gallagher Apologizes for Racial Slur: ‘I Do Not Discriminate’,https://www.rollingstone.com/music/music-news/liam-gallagher-racial-slur-oasis-tour-kickoff-1235378752/
‘Socialism’: Trump faces right-wing attacks over Intel proposal,https://www.msnbc.com/top-stories/latest/trump-intel-government-stake-republicans-socialism-rcna226317
New York Is Not a Democracy,https://www.theatlantic.com/ideas/archive/2025/06/new-york-mayoral-race-cuomo-mamdani/683146/
"In off-year elections, are Democrats or Republicans leading? - Washington Post",https://www.washingtonpost.com/opinions/interactive/2025/elections-virginia-new-jersey-new-york-spanberger-sherrill-mamdani/
Nenshi’s NDP relaunch gets big outside help: NYC mayor's ad agency and Ottawa Liberals,https://www.cbc.ca/news/canada/calgary/alberta-ndp-relaunch-naheed-nenshi-liberals-zohran-mamdani-9.6978269?cmp=rss
Trump's megabill and executive orders show him in action,https://www.msnbc.com/opinion/msnbc-opinion/trump-executive-orders-megabill-project-47-newsletter-rcna216163
Kamala Harris’s book tour shows she is not the Democratic future - Washington Post,https://www.washingtonpost.com/opinions/interactive/2025/harris-107-days-book-tour-buttigieg/
Can Progressive Mayors Redeem the Democratic Party?,https://www.newyorker.com/news/the-lede/can-progressive-mayors-redeem-the-democratic-party
The right-wing panic over government-owned grocery stores,https://www.msnbc.com/opinion/msnbc-opinion/zohran-mamdani-grocery-stores-food-deserts-panic-rcna216332
Machine Gun Kelly Turned Down ‘Sinners’ to Avoid Saying the N-Word,https://www.rollingstone.com/music/music-news/machine-gun-kelly-turned-down-sinners-avoid-saying-n-word-1235399786/
Nicki Minaj is Apparently Thrilled That The White House Used Her Music,https://www.rollingstone.com/music/music-news/nicki-minaj-white-house-music-tiktok-1235459552/
Paul Simon Cancels Two Shows Due to ‘Chronic and Intense Back Pain’,https://www.rollingstone.com/music/music-news/paul-simon-cancels-two-shows-back-pain-surgery-1235375018/
Connie Francis Hospitalized Due to ‘Extreme Pain’,https://www.rollingstone.com/music/music-news/connie-francis-hospitalized-extreme-pain-1235378627/
Megan Thee Stallion Brings Rap Back to Top 40 With ‘Lover Girl’,https://www.rollingstone.com/music/music-news/megan-thee-stallion-rap-billboard-top-40-1235459840/
A Stunning New York City Mayoral Primary,https://www.newyorker.com/newsletter/the-daily/a-stunning-new-york-city-mayoral-primary
Adelita Grijalva defeats Gen Z activist in Arizona primary: 3 takeaways,https://www.washingtonpost.com/politics/2025/07/15/grijalva-foxx-democrats-arizona-primary/
The Anti-MAGA Majority Reemerges,https://www.theatlantic.com/newsletters/2025/11/elections-anti-maga-democrats/684824/
Michael Ramirez cartoon on Zohran Mamdani and leftism in New York - The Washington Post,https://www.washingtonpost.com/opinions/2025/11/06/michael-ramirez-cartoon-mamdani-nyc-left/
Kelly Osbourne Says She ‘Will Not Be OK for a While’ After Dad Ozzy’s Death,https://www.rollingstone.com/music/music-news/kelly-osbourne-holding-on-tight-to-the-love-after-dad-ozzys-death-1235399847/
New York City comptroller Brad Lander arrested by federal agents at Manhattan courthouse,https://www.msnbc.com/top-stories/latest/brad-lander-arrested-ice-immigration-new-york-rcna213573
Trump’s DOJ issues memo on plan to strip citizenship from some naturalized Americans,https://www.msnbc.com/top-stories/latest/denaturalization-citizens-justice-department-trump-rcna216073
Democrats Have a New Winning Formula,https://www.theatlantic.com/ideas/2025/11/democrats-cost-of-living-affordability-platform/684847/
America Begins Clapping Back at Donald Trump,https://www.newyorker.com/news/letter-from-trumps-washington/america-begins-clapping-back-at-donald-trump
5 questions about the Democrats’ Tea Party moment,https://www.vox.com/today-explained-newsletter/418824/democratic-party-tea-party-moment-zohran-mamdani-explained
Six things Democrats need to do if they’d like to win elections again - The Washington Post,https://www.washingtonpost.com/opinions/2025/07/06/dnc-mamdani-hogg-sherrill-economy/
Andrew Cuomo wants to be New York’s mayor. Do Democrats want him back?,https://www.washingtonpost.com/politics/2025/06/23/cuomo-new-york-metoo-mayor-democrats/
The Case for Zohranomics,https://www.newyorker.com/news/the-financial-page/the-case-for-zohranomics
New York Is Hungry for a Big Grocery Experiment,https://www.theatlantic.com/health/archive/2025/07/public-grocery-stores-new-york-mamdani/683388/
Republican US Rep. Elise Stefanik is running for governor of New York,https://apnews.com/article/elise-stefanik-new-york-governor-kathy-hochul-98cd8d521dbd75de1044549dc016d6d3
Jerry Nadler is retiring from Congress for a great reason,https://www.msnbc.com/top-stories/latest/jerry-nadler-new-york-democrat-retirement-congress-rcna228516
‘Jen’s version:’ Jen Psaki holds a White House press briefing redo — with props,https://www.msnbc.com/top-stories/latest/trump-white-house-press-briefing-jens-version-rcna216200
Class Action Lawsuit Accuses Spotify of Engaging in ‘Payola’ in Discovery Mode,https://www.rollingstone.com/music/music-news/class-action-lawsuit-spotify-payola-discovery-mode-1235460448/
The Race-Science Blogger Cited by The New York Times,https://www.theatlantic.com/technology/archive/2025/07/cremieux-race-science-new-york-times/683474/
Marjorie Taylor Greene is winning my respect. Here’s why. - The Washington Post,https://www.washingtonpost.com/opinions/2025/07/30/progressives-marjorie-taylor-greene-respect-israel/
The Real Reason American Socialists Don’t Win,https://www.theatlantic.com/politics/archive/2025/08/dsa-mamdani-losing-elections/683970/
He's 'unable and unwilling': Zohran Mamdani slams Trump for not delivering on cost of living crisis,https://www.msnbc.com/morning-joe/watch/he-s-unable-and-unwilling-zohran-mamdani-slams-trump-for-not-delivering-on-cost-of-living-crisis-249634373997
Would Zohran Mamdani’s Rent Freeze Keep Rent-Stabilized Apartments Empty?,https://www.newyorker.com/news/the-lede/would-zohran-mamdanis-rent-freeze-keep-rent-stabilized-apartments-empty
Eric Adams Slips Out the Side Door,https://www.newyorker.com/news/the-lede/eric-adams-slips-out-the-side-door
title,url
Zohran Mamdani wins 2025 NYC mayoral election,https://nypost.com/2025/11/04/us-news/zohran-mamdani-wins-2025-nyc-mayoral-election/
NY Republicans tie Dem opponents to Zohran Mamdani: 'They're Mamdani Democrats!',https://nypost.com/2025/07/27/us-news/ny-republicans-tie-dem-opponents-to-zohran-mamdani-theyre-mamdani-democrats/
Rep. Elise Stefanik calls Zohran Mamdani ‘definition of a jihadist’,https://nypost.com/2025/10/17/media/rep-elise-stefanik-calls-zohran-mamdani-definition-of-a-jihadist/
Rep. Elise Stefanik labels NYC mayoral candidate Zohran Mamdani a 'jihadist',https://www.foxnews.com/politics/rep-elise-stefanik-labels-nyc-mayoral-candidate-zohran-mamdani-jihadist
Carl Heastie to endorse Zohran Mamdani after Hochul's shock move,https://nypost.com/2025/09/16/us-news/carl-heastie-to-endorse-zohran-mamdani-after-hochuls-shock-move/
Zohran Mamdani followed in dad's footsteps to found SJP,https://nypost.com/2025/07/16/us-news/zohran-mamdani-followed-in-dads-footsteps-to-found-sjp/
Rashid Tlaib fund-raises for NYC mayoral candidate Zohran Mamdani,https://nypost.com/2025/05/04/us-news/rashid-tlaib-fund-raises-for-nyc-mayoral-candidate-zohran-mamdani/
Comedian Michael Rapaport mocks NYC mayoral candidate Mamdani as ‘Zohran the moron’,https://nypost.com/2025/07/24/us-news/new-york-city-mayor-hopeful-mamdani-nicknamed-zohran-the-moron-by-michael-rapaport/
Zohran Mamdani reportedly enlisted swanky celeb fashion stylist during campaign,https://nypost.com/2025/11/06/us-news/zohran-mamdani-enlisted-celeb-fashion-stylist-during-campaign-report/
Manhattan Democratic Party endorses nominee Zohran Mamdani for mayor,https://nypost.com/2025/07/07/us-news/manhattan-democratic-party-endorses-zohran-mamdani-for-mayor/
Foul! Mets logo 'illegally' co-opted to boost Zohran Mamdani,https://nypost.com/2025/07/12/us-news/foul-mets-logo-illegally-co-opted-to-boost-zohran-mamdani/
AOC endorses fellow Democratic socialist Zohran Mamdani for NYC mayor,https://nypost.com/2025/06/05/us-news/aoc-endorses-fellow-democratic-socialist-zohran-mamdani-for-nyc-mayor/
Trump predicts Zohran Mamdani will win NYC mayoral race,https://nypost.com/2025/09/12/us-news/trump-predicts-zohran-mamdani-will-win-nyc-mayoral-race/
Zohran Mamdani challenges President Trump to public debate,https://nypost.com/2025/09/04/us-news/zohran-mamdani-challenges-president-trump-to-public-debate/
Zohran Mamdani visits Uganda with wife after secret wedding,https://nypost.com/2025/07/20/us-news/zohran-mamdani-visits-uganda-with-wife-after-secret-wedding/
Prominent NYC rabbi rips Zohran Mamdani as a ‘danger’ to Jewish New Yorkers,https://nypost.com/2025/10/20/us-news/prominent-nyc-rabbi-rips-zohran-mamdani-as-a-danger-to-jewish-new-yorkers/
"Zohran Mamdani shared ‘sick’ video mocking Hannukah and ‘cosplaying Jews,’ advocacy group charges",https://nypost.com/2025/07/06/us-news/mamdani-shared-sick-video-mocking-hannukah-advocacy-group/
Zohran Mamdani spews baffling new ‘apology’ for calling NYPD ‘racist’,https://nypost.com/2025/10/16/us-news/zohran-mamdani-spews-baffling-new-apology-for-calling-nypd-racist/
NY Knicks issue Zohran Mamdani cease-and-desist over logo in campaign ad,https://nypost.com/2025/10/24/us-news/ny-knicks-issue-zohran-mamdani-cease-and-desist-over-logo-in-campaign-ad/
Comedian Michael Rapaport mocks NYC mayoral candidate Mamdani as 'Zohran the moron',https://www.foxnews.com/media/comedian-michael-rapaport-mocks-nyc-mayoral-candidate-mamdani-zohran-moron
Zohran Mamdani says he will discourage 'globalize the intifada' phrase,https://www.foxnews.com/media/zohran-mamdani-says-he-discourage-globalize-intifada-phrase
Zohran Mamdani dodges questions on mass shooting after returning from Africa vacation,https://www.foxnews.com/politics/zohran-mamdani-dodges-questions-mass-shooting-after-returning-from-africa-vacation
Heritage groups accuse Zohran Mamdani of Italian-American ‘hate’ over Columbus stance,https://nypost.com/2025/08/05/us-news/heritage-groups-accuse-zohran-mamdani-of-italian-american-hate-over-columbus-stance/
Video shows deranged Zohran Mamdani passionately shouting anti-Israel ‘BDS’ chant at rally,https://nypost.com/2025/10/31/us-news/mamdani-urged-boycott-of-israel-when-he-entered-assembly/
Sen. Cory Booker refuses to endorse Zohran Mamdani,https://www.foxnews.com/media/sen-cory-booker-refuses-endorse-zohran-mamdani
Zohran Mamdani urges boycott of Cornell school with ties to Israel,https://nypost.com/2025/06/08/us-news/zohran-mamdani-urges-boycott-of-cornell-school-with-ties-to-israel/
"Scott Bessent says feds won't bail out NYC, Zohran Mamdani",https://nypost.com/2025/09/24/business/scott-bessent-says-feds-wont-bail-out-nyc-zohran-mamdani/
"Socialist Zohran Mamdani called for ‘abolition of private property,’ resurfaced video shows",https://nypost.com/2025/07/17/us-news/republican-party-slams-zohran-mamdanis-support-for-abolition-of-private-property/
Smirking Zohran Mamdani silent when questioned over terror-linked Brooklyn Imam Siraj Wahhaj,https://nypost.com/2025/10/19/us-news/zohran-mamdani-silent-when-questioned-over-terror-linked-brooklyn-imam-siraj-wahhaj/
Anti-billionaire Zohran Mamdani responds Bill Ackman’s olive branch,https://nypost.com/2025/11/05/us-news/anti-billionaire-zohran-mamdani-responds-bill-ackmans-olive-branch/
Linda Sarsour vows she will ‘hold Zohran accountable’ if Mamdani wins NYC mayoral race,https://nypost.com/2025/11/03/us-news/linda-sarsour-tells-followers-she-will-hold-zohran-accountable-if-mamdani-wins-nyc-mayoral-race/
Zohran Mamdani refuses to say if Schumer should face election challenge — as he lunches with AOC,https://nypost.com/2025/11/06/us-news/zohran-mamdani-refuses-to-say-if-chuck-schumer-should-face-election-challenge-as-he-lunches-with-aoc/
Zohran Mamdani trashed Barack Obama as 'pretty damn evil' in unearthed tweets,https://nypost.com/2025/05/21/us-news/zohran-mamdani-trashed-barack-obama-as-pretty-damn-evil-in-unearthed-tweets/
Gov. Hochul dodges on whether she'll endorse Zohran Mamdani,https://www.foxnews.com/media/gov-hochul-dodges-whether-shell-endorse-zohran-mamdani
MSNBC’s Joe Scarborough reportedly arranging peace meeting between Zohran Mamdani and ADL,https://nypost.com/2025/11/06/us-news/joe-scarborough-said-hes-arranging-meeting-between-zohran-mamdani-and-adl/
47% of New Yorkers fear NYC spike in crime under Zohran Mamdani,https://nypost.com/2025/10/30/us-news/47-of-new-yorkers-fear-nyc-spike-in-crime-under-zohran-mamdani/
"UK politician Jeremy Corbyn, who was ousted over antisemitism allegations, shows support for Zohran Mamdani",https://www.foxnews.com/world/uk-politician-jeremy-corbyn-who-ousted-over-antisemitism-allegations-shows-support-zohran-mamdani
Linda Sarsour tells followers she will ‘hold Zohran accountable’ if Mamdani wins NYC mayoral race,https://www.foxnews.com/politics/linda-sarsour-tells-followers-she-hold-zohran-accountable-mamdani-wins-nyc-mayoral-race
Zohran Mamdani nabs key endorsement in NYC mayoral race despite ‘big disagreement’ on Israel,https://nypost.com/2025/06/02/us-news/zohran-mamdani-nabs-key-endorsement-in-nyc-mayoral-race-despite-big-disagreement-on-israel/
NY Gov. Kathy Hochul expected to endorse Zohran Mamdani this week: sources,https://nypost.com/2025/09/14/us-news/ny-gov-kathy-hochul-expected-to-endorse-zohran-mamdani-this-week-sources/
Zohran Mamdani urged Ben & Jerry to boycott Israeli settlements,https://nypost.com/2025/06/17/us-news/zohran-mamdani-urged-ben-amp-jerry-to-boycott-israeli-settlements/
Fox News Politics Newsletter: Zohran Mamdani lands key NYC mayoral endorsement,https://www.foxnews.com/politics/fox-news-politics-newsletter-zohran-mamdani-lands-key-nyc-mayoral-endorsement
Mike Lawler plugs Andrew Cuomo for NYC mayor over Zohran Mamdani,https://nypost.com/2025/10/29/us-news/mike-lawler-plugs-andrew-cuomo-for-nyc-mayor-over-zohran-mamdani/
"NYC mayoral candidate Zohran Mamdani leads ‘BDS’ chants, bashes officials for traveling to Israel in resurfaced clip",https://nypost.com/2025/05/18/us-news/nyc-mayoral-candidate-zohran-mamdani-leads-bds-chant-bashes-officials-for-traveling-to-israel-in-resurfaced-clip/
"Obama calls Zohran Mamdani and offers to be ‘sounding board,’ but no endorsement: report",https://nypost.com/2025/11/01/us-news/obama-has-extended-phone-call-with-mayoral-fronter-runner-zohran-mamdani-offers-to-be-sounding-board-report/
Ex-NYC mayor endorses Zohran Mamdani for City Hall: ‘He has the right ideas’,https://nypost.com/2025/09/02/us-news/ex-nyc-mayor-bill-de-blasio-endorses-zohran-mamdani-for-city-hall/
"Zohran Mamdani refuses to ask Hamas to disarm, stands by Netanyahu arrest pledge",https://nypost.com/2025/10/15/us-news/zohran-mamdani-wont-say-hamas-should-lay-down-its-weapons-stands-by-netanyahu-arrest-pledge/
Iranian-American activist Masih Alinejad blasts Zohran Mamdani for not being ‘tough’ on Hamas,https://nypost.com/2025/10/29/us-news/masih-alinejad-challenges-zohran-mamdani-over-stance-of-hamas/
"Zohran Mamdani in position to help socialist party 'seize state power,' DSA leader admits",https://www.foxnews.com/politics/zohran-mamdani-position-help-socialist-party-seize-state-power-dsa-leader-admits
Jay Jacobs explains decision to stand against Zohran Mamdani: 'I am not reckless',https://nypost.com/2025/09/19/us-news/jay-jacobs-explains-decision-to-stand-against-zohran-mamdani-i-am-not-reckless/
Jewish New Yorkers furious over bizarre pro-Zohran Mamdani texts evoking Oct. 7 attacks: ‘Disgusted’,https://nypost.com/2025/06/24/us-news/jewish-new-yorkers-furious-over-bizarre-pro-zohran-mamdani-texts-evoking-oct-7-attacks-disgusted/
"Zohran Mamdani PACs raked in thousands from media allies, progressives with ties to radicals",https://nypost.com/2025/10/07/us-news/pacs-supporting-mamdani-raised-cash-from-lefty-establisment/
Zohran Mamdani continues to dodge questions about 'globalize the intifada',https://www.foxnews.com/media/zohran-mamdani-continues-dodge-questions-about-globalize-intifada
"Andrew Cuomo, Curtis Sliwa closing in on Zohran Mamdani in latest NYC mayoral election poll",https://nypost.com/2025/11/01/us-news/andrew-cuomo-closing-in-on-zohran-mamdani-as-nyc-mayoral-race-tightens/
Zohran Mamdani seen with beaming smile next to communist Cuba’s delegation: ‘No surprise’,https://nypost.com/2025/10/26/us-news/zohran-mamdani-pictured-with-communist-cubas-delegation/
26% of New Yorkers considering fleeing NYC if Zohran Mamdani becomes mayor: poll,https://nypost.com/2025/10/24/us-news/26-of-new-yorkers-considering-fleeing-nyc-if-zohran-mamdani-becomes-mayor-poll/
UK politician campaigning for Zohran Mamdani prompts foreign meddling accusations,https://www.foxnews.com/politics/uk-politician-campaigning-zohran-mamdani-prompts-foreign-meddling-accusations
Obama’s newly revealed call to Zohran Mamdani ‘normalizes’ socialist NYC mayoral contender for wary Democrats,https://nypost.com/2025/08/14/us-news/obamas-newly-revealed-call-to-zohran-mamdani-normalizes-socialist-nyc-mayoral-contender-for-wary-democrats/
F in ethics: Zohran Mamdani laughed off stealing a table in college,https://nypost.com/2025/08/02/us-news/soft-on-crime-nyc-mayoral-frontrunner-zohran-mamdani-got-an-f-in-burglary-in-college/
"'Democrats are nervous' about potential Zohran Mamdani victory, new report warns",https://www.foxnews.com/media/washington-post-report-warns-democrats-nervous-about-potential-zohran-mamdani-victory
"Voters’ Zohran Mamdani fears: Letters to the Editor — July 19, 2025",https://nypost.com/2025/07/18/opinion/voters-zohran-mamdani-fears-letters/
Socialist mayoral candidate Zohran Mamdani chased out of NYC park by protester shouting ‘antisemite’,https://nypost.com/2025/10/11/us-news/socialist-mayoral-candidate-zohran-mamdani-chased-out-of-nyc-park-by-protester-shouting-antisemite/
"Cuomo bashes ‘rich person’ Zohran Mamdani for hogging $2,300 apartment from homeless New Yorkers",https://nypost.com/2025/08/09/us-news/cuomo-bashes-rich-person-mamdani-for-hogging-2300-from-homeless-new-yorkers/
"Staten Island Democrats embrace Zohran Mamdani, turn on Andrew Cuomo: ‘Voters have spoken’",https://nypost.com/2025/08/03/us-news/staten-island-democrats-embrace-zohran-mamdani-turn-on-andrew-cuomo-voters-have-spoken/
PHOTOS: Zohran Mamdani visits with family of slain NYPD officer days after shooting,https://www.foxnews.com/politics/photos-zohran-mamdani-visits-family-slain-nypd-officer-days-after-shooting
Greg Abbott threatens '100% tariff' on people fleeing NYC if Zohran Mamdani wins,https://nypost.com/2025/11/04/business/greg-abbott-threatens-100-tariff-on-people-fleeing-nyc-if-zohran-mamdani-wins/
Zohran Mamdani claimed he didn’t know anti-gay Ugandan bigwig in smiley pic — but records show ties to family,https://nypost.com/2025/10/09/us-news/zohran-mamdani-claimed-he-didnt-know-know-anti-gay-ugandan-bigwig-in-smiley-pic-but-records-show-links-to-family/
Jewish FDNY fire commissioner hands in resignation — morning after anti-Israel Zohran Mamdani elected NYC mayor,https://nypost.com/2025/11/05/us-news/jewish-fdny-fire-commissioner-hands-in-resignation-morning-after-anti-israel-zohran-mamdani-elected-nyc-mayor/
"Zohran Mamdani ally Linda Sarsour, NYC DSA pol threaten to root out pro-Israel ‘corporate Democrats’",https://www.foxnews.com/politics/zohran-mamdani-ally-linda-sarsour-nyc-dsa-pol-threaten-root-pro-israel-corporate-democrats
"Zohran Mamdani supporters unfazed by Trump's 'communist' label, defend the candidate's affordability fight",https://www.foxnews.com/politics/zohran-mamdani-supporters-unfazed-trumps-communist-label-defend-candidates-affordability-fight
Riley Gaines latest to mock Zohran Mamdani for his ‘Mamscrawny’ gym fail: ‘Absolutely judging’,https://nypost.com/2025/08/25/us-news/riley-gaines-latest-to-mock-zohran-mamdanis-failed-bench-press/
Rudy Giuliani offers brutal 6-word ‘advice’ to Zohran Mamdani after NYC mayoral win,https://nypost.com/2025/11/10/us-news/rudy-giuliani-offers-brutal-6-word-advice-to-zohran-mamdani-after-nyc-mayoral-win/
"Zohran Mamdani poses as ‘cheap seats’ Knicks fan in cringefest political stunt with reporter, podcaster in tow",https://nypost.com/2025/11/03/us-news/zohran-mamdani-poses-as-cheap-seats-knicks-fan-in-cringefest-political-stunt-with-reporter-podcaster-in-tow/
Swastikas found painted on Brooklyn yeshiva hours after Zohran Mamdani elected NYC mayor,https://nypost.com/2025/11/05/us-news/swastikas-found-painted-on-nyc-yeshiva-after-zohran-mamdani-elected-mayor/
"NYC mayoral candidate Zohran Mamdani refuses to sign resolutions condemning Holocaust, supporting Israel",https://nypost.com/2025/05/16/us-news/nyc-mayoral-candidate-zohran-mamdani-refuses-to-sign-resolutions-condemning-holocaust-supporting-israel/
Sen. Kirsten Gillibrand urges Zohran Mamdani to denounce 'globalize the intifada' rhetoric,https://www.foxnews.com/media/sen-kirsten-gillibrand-urges-zohran-mamdani-denounce-globalize-intifada-rhetoric
NYC socialist mayoral candidate Zohran Mamdani a fan of abolishing SHSAT,https://nypost.com/2025/06/21/us-news/nyc-socialist-mayoral-candidate-zohran-mamdani-a-fan-of-abolishing-shsat/
20 reasons to vote against NYC mayoral frontrunner Zohran Mamdani,https://nypost.com/2025/11/02/us-news/20-reasons-to-vote-against-nyc-mayoral-frontrunner-zohran-mamdani/
Kamala Harris’s stepdaughter Ella Emhoff backs socialist candidate Zohran Mamdani for NYC mayor,https://nypost.com/2025/05/05/us-news/kamala-harriss-stepdaughter-ella-emhoff-backs-socialist-candidate-zohran-mamdani-for-nyc-mayor/
New York Democrat says mayoral candidate Zohran Mamdani 'too extreme to lead',https://www.foxnews.com/politics/new-york-democrat-says-mayoral-candidate-zohran-mamdani-too-extreme-lead
Zohran Mamdani slams India Prime Minister Narendra Modi as `war criminal',https://nypost.com/2025/05/26/us-news/zohran-mamdani-slams-india-prime-minister-narendra-modi-as-war-criminal/
Zohran Mamdani mentions Andrew Cuomo in same breath as Jeffrey Epstein in new video,https://nypost.com/2025/08/12/us-news/zohran-mamdani-mentions-andrew-cuomo-in-same-breath-as-jeffrey-epstein-in-new-video/
"Celebrities praise Zohran Mamdani in NYC victory, as others slam the mayoral-elect as 'fraud class'",https://www.foxnews.com/entertainment/celebrities-praise-zohran-mamdani-nyc-victory-others-slam-mayoral-elect-fraud-class
Zohran Mamdani set to pick up powerful NYC teachers union endorsement after primary win,https://nypost.com/2025/07/02/us-news/zohran-mamdani-set-to-pick-up-powerful-nyc-teachers-union-endorsement-after-primary-win/
Zohran Mamdani stars in NRCC ads against House Dems: ‘Your city could be next’,https://nypost.com/2025/11/05/us-news/zohran-mamdani-has-starring-role-in-nrcc-ads-against-house-dems/
Zohran Mamdani wanted to appear 'tough' against a 'bedraggled' Andrew Cuomo: body expert,https://nypost.com/2025/10/17/us-news/zohran-mamdani-wanted-to-appear-tough-against-a-bedraggled-andrew-cuomo-body-expert/
"Eric Adams hailed for quitting mayoral race, pundits hope move is blow to lefty Zohran Mamdani",https://nypost.com/2025/09/28/us-news/eric-adams-hailed-for-quitting-mayoral-race-pundits-hope-move-is-blow-to-lefty-zohran-mamdani/
Eric Adams’ economic development honcho seeks to keep post in Zohran Mamdani admin,https://nypost.com/2025/11/10/us-news/eric-adams-economic-development-honcho-seeks-to-keep-post-in-zohran-mamdani-admin/
Rep. Elise Stefanik blasts Gov. Hochul’s Zohran Mamdani endorsement after he’s tied to terror suspect imam,https://nypost.com/2025/10/20/us-news/rep-elise-stefanik-blasts-gov-hochuls-zohran-mamdani-endorsement-after-hes-tied-to-terror-suspect-imam/
NYC Mayor-Elect Zohran Mamdani sticks to his socialist guns in fire-breathing victory speech,https://nypost.com/2025/11/05/us-news/nyc-mayor-elect-zohran-mamdani-sticks-to-his-socialist-guns-in-fire-breathing-victory-speech/
Michael Rapaport rips 'working class' Zohran Mamdani for eating at pricey sushi restaurant,https://www.foxnews.com/media/michael-rapaport-rips-working-class-zohran-mamdani-eating-pricey-sushi-restaurant
Influential House Minority Leader Hakeem Jeffries finally endorses Zohran Mamdani for NYC mayor after lengthy wait,https://nypost.com/2025/10/24/us-news/hakeem-jeffries-endorses-zohran-mamdani-for-nyc-mayor/
Billionaire John Catsimatidis threatens to close Gristedes chain if socialist Zohran Mamdani elected NYC mayor,https://nypost.com/2025/06/18/us-news/john-catsimatidis-threatens-to-close-gristedes-if-zohran-mamdani-elected-nyc-mayor/
The horrible reasons the teachers union just endorsed Zohran Mamdani,https://nypost.com/2025/07/10/opinion/the-horrible-reasons-the-teachers-union-just-endorsed-zohran-mamdani/
‘Jews for Zohran’ Mamdani group tied to niece of lefty China-based billionaire,https://nypost.com/2025/07/12/us-news/jews-for-zohran-mamdani-group-tied-to-niece-of-lefty-china-based-billionaire/
Adams slams Zohran Mamdani for blowing off NYPD funerals in years before mayoral bid: ‘Where was he?’,https://nypost.com/2025/08/04/us-news/adams-slams-zohran-mamdani-for-blowing-off-nypd-funerals-before-mayoral-bid-where-was-he/
"Top Democrats, media demand Zohran Mamdani condemn 'globalize the intifada' phrase",https://www.foxnews.com/media/top-democrats-media-demand-zohran-mamdani-condemn-globalize-intifada-phrase
Zohran Mamdani vows to fight back against Trump's threat to withhold federal funding for NYC,https://www.foxnews.com/media/zohran-mamdani-vows-fight-back-against-trumps-threat-withhold-federal-funding-nyc
Mayor-elect Zohran Mamdani admits he wants to take aggressive action on socialist agenda: ‘It is a mandate’,https://nypost.com/2025/11/06/us-news/new-york-city-mayor-elect-zohran-mamdani-admits-he-wants-to-take-aggressive-action-on-socialist-agenda/
"Upstate NY city one-ups Zohran Mamdani by electing communist student, 20",https://nypost.com/2025/11/10/us-news/communist-student-elected-to-ithaca-common-council/
Zohran Mamdani still mum on affordable housing ballot proposals,https://nypost.com/2025/10/07/us-news/mamdani-still-mum-on-affordable-housing-ballot-proposals/
Zohran Mamdani emerges as Republicans' government shutdown boogeyman,https://www.foxnews.com/politics/zohran-mamdani-emerges-republicans-government-shutdown-boogeyman
Zohran Mamdani said identifying himself as African American would be ‘misleading’ on campaign trail —just months before Columbia bombshell broke,https://nypost.com/2025/07/04/us-news/zohran-mamdani-said-identifying-himself-as-african-american-would-be-misleading-on-campaign-trail-just-months-before-columbia-bombshell-broke/
Zohran Mamdani gives Rudy Giuliani some credit when asked which NYC mayor he’d emulate,https://nypost.com/2025/09/21/us-news/zohran-mamdani-gives-rudy-giuliani-some-credit-when-asked-which-nyc-mayor-hed-emulate/
Zohran Mamdani won most votes of a candidate NYC primary history,https://nypost.com/2025/07/08/us-news/zohran-mamdani-won-most-votes-of-a-candidate-nyc-primary-history/
Cuomo courts Sliwa voters in Russian NYC neighborhood — warning against danger of socialist Zohran Mamdani,https://nypost.com/2025/10/31/us-news/cuomo-courts-sliwa-voters-in-russian-nyc-neighborhood-warning-against-danger-of-socialist-zohran-mamdani/
Jewish leaders condemn John Liu for endorsing Zohran Mamdani for mayor,https://nypost.com/2025/06/10/us-news/jewish-leaders-condemn-john-liu-for-endorsing-zohran-mamdani-for-mayor/
Socialist Zohran Mamdani wants to pay for government grocery stores with money that doesn’t exist,https://nypost.com/2025/07/01/us-news/zohran-mamdani-wants-to-pay-for-government-grocery-stores-with-money-that-doesnt-exist/
JD Vance slams Zohran Mamdani for making ‘his auntie’ the ‘real victim of 9/11’,https://nypost.com/2025/10/25/us-news/jd-vance-slams-mamdani-over-9-11-comment-about-his-auntie/
Zohran Mamdani would repeat beatdown against Andrew Cuomo in unlikely scenario that field clears: polls,https://nypost.com/2025/09/09/us-news/zohran-mamdani-would-repeat-beatdown-against-andrew-cuomo-in-unlikely-scenario-that-field-clears-polls/
NYC Jewish pols urged to join ‘Jews for Zohran’ Mamdani and back Israel-bashing nominee for mayor,https://nypost.com/2025/07/10/us-news/nyc-jewish-pols-urged-to-join-jews-for-zohran-mamdani-and-back-israel-bashing-nominee-for-mayor/
Zohran Mamdani ramps up suburbanite donations on Long Island — but still trails rivals’ fundraising,https://nypost.com/2025/09/08/us-news/zohran-mamdani-ramps-up-suburbanite-donations-on-long-island-but-still-trails-rivals-fundraising/
Socialist NYC mayoral candidate Zohran Mamdani pledged ‘fresh juice’ for all during failed student run,https://nypost.com/2025/04/12/us-news/socialist-nyc-mayoral-candidate-zohran-mamdani-pledged-fresh-juice-for-all-during-failed-student-run/
Prominent NYC Bangladeshi business leader turns back on Zohran Mamdani over pro-prostitution stance,https://nypost.com/2025/10/03/us-news/prominent-nyc-bangladeshi-business-leader-turns-back-on-zohran-mamdani-over-pro-prostitution-stance/
Dem House leader Hakeem Jeffries still withholds endorsement after meeting with Zohran Mamdani,https://www.foxnews.com/politics/dem-house-leader-hakeem-jeffries-still-withholds-endorsement-after-meeting-zohran-mamdani
Zohran Mamdani casts ballot in NYC mayoral election while stressing the need for more housing,https://nypost.com/2025/11/04/us-news/zohran-mamdani-casts-ballot-in-nyc-mayoral-election-while-stressing-the-need-for-more-housing/
Zohran Mamdani finally books meeting with NYPD Commish Jessica Tisch in ‘coming weeks’: sources,https://nypost.com/2025/11/13/us-news/zohran-mamdani-finally-books-meeting-with-nypd-commish-jessica-tisch-in-coming-weeks-sources/
NYC Mayor Eric Adams hands Zohran Mamdani baton — and big decisions — as teams finally meet,https://nypost.com/2025/11/13/us-news/nyc-mayor-eric-adams-hands-zohran-mamdani-baton-and-big-decisions-as-teams-finally-meet/
Zohran Mamdani meets with House Dem leader for second time — but still doesn’t get nod for mayor,https://nypost.com/2025/08/27/us-news/zohran-mamdani-meets-with-hakeem-jeffries-again-but-still-no-endorsement-for-nyc-mayor/
Zohran Mamdani employed woman caught on camera tearing down hostage posters,https://www.foxnews.com/media/zohran-mamdani-employed-woman-caught-camera-tearing-down-hostage-posters
Zohran Mamdani passed only one bill in Albany this year — and he skipped the vote,https://nypost.com/2025/07/31/us-news/zohran-mamdani-passed-only-one-bill-in-albany-this-year-and-he-skipped-the-vote/
Zohran Mamdani refuses to condemn Hasan Piker over ‘America deserved 9/11’ comment: ‘Cowardly’,https://nypost.com/2025/09/10/us-news/zohran-mamdani-refuses-to-condemn-hasan-piker-over-america-deserved-9-11-comment-cowardly/
New York Young Republican Club pushing Congress to disqualify Zohran Mamdani from becoming NYC mayor,https://nypost.com/2025/07/21/us-news/new-york-young-republican-club-pushing-congress-to-disqualify-zohran-mamdani-from-becoming-nyc-mayor/
Adams recalls dinner with Zohran Mamdani at Gracie Mansion as he assails Dem primary winner's 'wealth',https://nypost.com/2025/06/25/us-news/adams-recalls-dinner-with-zohran-mamdani-at-gracie-mansion-as-he-assails-dem-primary-winners-wealth/
Anti-Israel squad member Rashida Tlaib rallies ‘comrades’ to back socialist NYC mayoral candidate Zohran Mamdani,https://nypost.com/2025/04/01/us-news/anti-israel-squad-member-rashida-tlaib-rallies-comrades-to-back-socialist-nyc-mayoral-candidate-zohran-mamdani/
"Firebrand socialist Zohran Mamdani hits $8M in NYC mayoral campaign donations, maxing out fundraising limit",https://nypost.com/2025/03/24/us-news/firebrand-socialist-zohran-mamdani-hits-8m-in-nyc-mayoral-campaign-donations-maxing-out-fundraising-limit/
Zohran Mamdani facing key Dems at DC breakfast hosted by AOC — after setting off political earthquake,https://nypost.com/2025/07/16/us-news/zohran-mamdani-facing-key-dems-at-dc-breakfast-hosted-by-aoc-after-setting-off-political-earthquake/
ADL launches ‘Mamdani Monitor’ to track NYC Mayor-elect Zohran Mamdani over antisemitism concerns,https://www.foxnews.com/politics/adl-launches-mamdani-monitor-track-nyc-mayor-elect-zohran-mamdani-over-antisemitism-concerns
NYC moguls rip Bill Ackman for congratulating Zohran Mamdani,https://nypost.com/2025/11/05/business/nyc-moguls-rip-bill-ackman-for-congratulating-zohran-mamdani/
"Zohran Mamdani issues slippery, self-serving apology to NYPD after calling cops ‘racist’",https://nypost.com/2025/10/15/us-news/zohran-mamdani-issues-slippery-self-serving-apology-to-nypd-after-calling-cops-racist/
50 Cent offers to pay NYC mayoral candidate Zohran Mamdani $258K to get lost after socialist name-dropped Queens rapper,https://nypost.com/2025/06/26/us-news/50-cent-offers-to-pay-nyc-mayoral-candidate-zohran-mamdani-258k-to-get-lost-after-socialist-name-dropped-queens-rapper/
Progressive power players rally voters for Zohran Mamdani as early voting kicks off in NYC mayoral race,https://www.foxnews.com/politics/progressive-power-players-rally-voters-zohran-mamdani-early-voting-kicks-off-nyc-mayoral-race
Andrew Cuomo’s desperate direct plea to NYC Republicans: Vote for me instead of ‘spoiler’ Sliwa to beat Zohran Mamdani,https://nypost.com/2025/10/19/us-news/andrew-cuomos-desperate-direct-plea-to-nyc-republicans-vote-for-me-instead-of-spoiler-sliwa-to-beat-zohran-mamdani/
"Zohran Mamdani, back from Uganda, dodges questions after meeting with slain NYPD cop Didarul Islam’s family",https://nypost.com/2025/07/30/us-news/zohran-mamdani-back-from-uganda-dodges-questions-after-meeting-with-slain-nypd-cop-didarul-islams-family/
"UK ex-Labour Party leader Jeremy Corbyn, accused of antisemitism, mans the phones for Zohran Mamdani",https://nypost.com/2025/11/02/us-news/uk-ex-labour-party-leader-jeremy-corbyn-accused-of-antisemitism-mans-the-phones-for-zohran-mamdani/
Zohran Mamdani makes up ground in NYC mayoral race — but still can’t topple Cuomo’s lead: poll,https://nypost.com/2025/05/27/us-news/zohran-mamdani-makes-up-ground-in-nyc-mayoral-race-but-still-cant-topple-cuomos-lead-poll/
Zohran Mamdani said NYPD shouldn’t respond to domestic violence calls in resurfaced podcast interview,https://nypost.com/2025/07/11/us-news/zohran-mamdani-said-nypd-shouldnt-respond-to-domestic-violence-calls-in-resurfaced-podcast-interview/
"WATCH: AOC opens up about meeting Zohran Mamdani, ICE activity in NYC",https://www.foxnews.com/politics/watch-aoc-opens-up-about-meeting-zohran-mamdani-ice-activity-nyc
NYC mayoral candidate Zohran Mamdani denies Trump's 'communist' label on 'The View',https://www.foxnews.com/media/nyc-mayoral-candidate-zohran-mamdani-denies-trumps-communist-label-the-view
Zohran Mamdani would dismantle NYC’s definition of ‘antisemitism’ approved by Holocaust remembrance group,https://nypost.com/2025/09/15/us-news/zohran-mamdani-would-dismantle-nycs-definition-of-antisemitism-approved-by-holocaust-remembrance-group/
Hakeem Jeffries bristles when grilled about NYC socialist Zohran Mamdani: ‘Not even the mayor’,https://nypost.com/2025/08/14/us-news/hakeem-jeffries-bristles-when-grilled-about-zohran-mamdanis-nyc-mayoral-run/
Andrew Cuomo finally lands punches against smug Zohran Mamdani in NYC’s last debate before the mayoral election,https://nypost.com/2025/10/23/opinion/andrew-cuomo-finally-lands-punches-on-smug-zohran-mamdani/
Zohran Mamdani blames Jimmy Kimmel suspension for skipping out on ABC town hall,https://nypost.com/2025/09/22/us-news/zohran-mamdani-blames-jimmy-kimmel-suspension-for-skipping-out-on-abc-town-hall/
Zohran Mamdani secures victory with 'most total votes' in NYC mayoral primary history,https://www.foxnews.com/politics/zohran-mamdani-secures-victory-most-total-votes-nyc-mayoral-primary-history
Ex-Zohran Mamdani intern berates Muslim NYPD cop for being an officer in resurfaced video,https://nypost.com/2025/07/08/us-news/ex-zohran-mamdani-berates-muslim-nypd-cop-for-being-an-officer-in-resurfaced-video/
Rise of Zohran Mamdani has Wall Street giving up on Gotham,https://nypost.com/2025/07/15/opinion/rise-of-zohran-has-wall-street-giving-up-on-gotham/
Blame Thoreau for saphead leftists like Zohran Mamdani,https://nypost.com/2025/09/21/opinion/blame-henry-david-thoreau-for-saphead-leftists-like-zohran-mamdani/
From clueless to radical — voters spill on socialist Zohran Mamdani,https://nypost.com/video/from-clueless-to-radical-voters-spill-on-socialist-zohran-mamdani/
"With Eric Adams out, New Yorkers dreading Zohran Mamdani must get out and vote!",https://nypost.com/2025/09/28/opinion/with-eric-adams-out-new-yorkers-dreading-zohran-mamdani-must-get-out-and-vote/
"New Yorkers 'not safe' with a Zohran Mamdani or Andrew Cuomo mayoralty, Curtis Sliwa says in new ad",https://nypost.com/2025/09/29/us-news/new-yorkers-not-safe-with-a-zohran-mamdani-or-andrew-cuomo-mayoralty-curtis-sliwa-says-in-new-ad/
Zohran Mamdani wants to spend $65M on trans medical treatment — including for minors — if elected NYC mayor,https://nypost.com/2025/06/23/us-news/zohran-mamdani-wants-to-spend-65m-on-trans-medical-treatment-including-for-minors-if-elected-nyc-mayor/
"Trump scoffs at being compared to Zohran Mamdani, quips he’s ‘much better looking’ than ‘communist’ candidate",https://nypost.com/2025/11/03/us-news/donald-trump-boasts-hes-much-better-looking-than-nyc-mayoral-front-runner-zohran-mamdani/
Zohran Mamdani boasts he’s a ‘proud’ DSA member in response to GOP citizenship threats,https://nypost.com/2025/10/26/us-news/zohran-mamdani-boasts-hes-a-proud-dsa-member-in-response-to-gop-citizenship-threats/
Bombshell NYC mayoral poll shows trouble for Zohran Mamdani in one-on-race with Andrew Cuomo,https://nypost.com/2025/10/20/us-news/bombshell-nyc-mayoral-poll-shows-trouble-for-zohran-mamdani-in-one-on-race-with-andrew-cuomo/
David Zaslav’s billion-dollar gamble and New York’s risky Zohran Mamdani bet,https://nypost.com/video/david-zaslavs-billion-dollar-gamble-and-new-yorks-risky-zohran-mamdani-bet/
Socialist NYC mayoral candidate Zohran Mamdani once rapped about his ‘love’ for Hamas terror-funding group ‘Holy Land Five’,https://nypost.com/2025/06/21/us-news/socialist-nyc-mayoral-candidate-zohran-mamdani-once-rapped-about-his-love-for-hamas-teror-funding-group-holy-land-five/
Zohran Mamdani slams Andrew Cuomo over cuts to rental assistance program: ‘Record of broken promises’,https://nypost.com/2025/09/29/us-news/zohran-mamdani-slams-andrew-cuomo-over-cuts-to-rental-assistance-program-record-of-broken-promises/
Zohran Mamdani bringing politically-connected pastor to NYC mayoral debate in dig at Cuomo’s ‘disastrous record’,https://nypost.com/2025/10/22/us-news/ex-cuomo-ally-to-join-mamdani-in-mayoral-debate-showdown/
Zohran Mamdani will ask Jessica Tisch to stay on as NYPD commissioner if he’s elected mayor: sources,https://nypost.com/2025/10/22/us-news/zohran-mamdani-will-ask-jessica-tisch-to-stay-on-as-nypd-commissioner-if-hes-elected-mayor-sources/
Andrew Cuomo would beat Zohran Mamdani in head-to-head race for NYC mayor: bombshell poll,https://nypost.com/2025/11/03/us-news/andrew-cuomo-would-beat-zohran-mamdani-in-head-to-head-race-for-nyc-mayor-bombshell-poll/
Billionaire hedge fund heir Elizabeth Simons donates $250K to pro-Zohran Mamdani Super PAC,https://nypost.com/2025/08/20/us-news/billionaire-hedge-fund-heir-elizabeth-simons-donates-250k-to-pro-zohran-mamdani-super-pac/
CNBC host Jim Cramer quips wealthy New Yorkers may ‘get shot’ if Zohran Mamdani becomes NYC mayor,https://nypost.com/2025/06/26/media/cnbcs-jim-cramer-quips-nycs-wealthy-may-get-shot-if-mamdani-becomes-mayor/
Far left Sen. Warren gushes over NYC mayoral candidate Zohran Mamdani — as other high-profile Dems stay silent,https://nypost.com/2025/08/04/us-news/far-left-sen-warren-gushes-over-nyc-mayoral-candidate-zohran-mamdani-as-other-high-profile-dems-stay-silent/
See if your neighborhood voted Zohran Mamdani or Andrew Cuomo for NYC mayor with this results map,https://nypost.com/2025/11/05/us-news/see-if-your-neighborhood-voted-zohran-mamdani-or-andrew-cuomo-for-nyc-mayor-in-this-results-map/
Zohran Mamdani didn’t tell the whole truth about his hijab-wearing ‘aunt’ who feared for safety post-9/11,https://nypost.com/2025/10/27/us-news/zohran-mamdanis-hijab-wearing-aunt-who-feared-for-her-safety-post-9-11-revealed-as-his-dads-second-cousin/
9/11 family blasts Zohran Mamdani for associating with terror sympathizer Hasan Piker,https://nypost.com/2025/09/09/us-news/9-11-family-blasts-zohran-mamdani-for-associating-with-terror-sympathizer-hasan-piker/
Van Jones calls out Zohran Mamdani for 'character switch' during intense victory speech,https://www.foxnews.com/media/van-jones-calls-out-zohran-mamdani-character-switch-during-intense-victory-speech
Long Island Democrat DA candidate threatens to sue GOP for linking her to Zohran Mamdani,https://nypost.com/2025/10/21/us-news/long-island-democrat-da-candidate-threatens-to-sue-gop-for-linking-her-to-zohran-mamdani/
FLASHBACK: Zohran Mamdani says ‘Israel is not a place’ and ‘not a country’,https://www.foxnews.com/politics/flashback-zohran-mamdani-says-israel-not-place-not-country
Zohran Mamdani spending big on private security despite earlier calls to defund police,https://www.foxnews.com/politics/zohran-mamdani-spending-big-private-security-despite-earlier-calls-defund-police
NYC mayoral candidate Zohran Mamdani accused of using AI to fake Spanish fluency — but socialist says critics are loco,https://nypost.com/2025/04/23/us-news/nyc-mayoral-candidate-zohran-mamdani-accused-of-using-ai-to-fake-spanish-fluency-but-socialist-says-critics-are-loco/
Zohran Mamdani closes out his anti-Trump tour in his home borough in Queens,https://www.foxnews.com/politics/zohran-mamdani-closes-out-his-anti-trump-tour-his-home-borough-queens
"Former NY AG Bob Abrams rips ‘disaster’ Zohran Mamdani, backs Andrew Cuomo for NYC mayor",https://nypost.com/2025/10/20/us-news/former-ny-ag-bob-abrams-rips-disaster-zohran-mamdani-backs-andrew-cuomo-for-nyc-mayor/
DHS secretary Kristi Noem insists that NYC will be a ‘train wreck’ under Zohran Mamdani,https://nypost.com/2025/08/06/us-news/homeland-security-secretary-kristi-noem-says-nyc-will-be-a-train-wreck-under-zohran-mamdani/
Politicians who endorse NYC candidate Zohran Mamdani should earn your complete contempt,https://nypost.com/2025/06/18/opinion/politicians-who-endorse-nyc-candidate-zohran-mamdani-should-earn-your-complete-contempt/
Zohran Mamdani slammed by high-profile NY rabbi over lack of ‘regret’ on anti-Israel and police views: ‘Failed miserably’,https://nypost.com/2025/09/22/us-news/zohran-mamdani-slammed-by-high-profile-ny-rabbi-over-lack-of-regret-on-anti-israel-and-police-views-failed-miserably/
"Zohran Mamdani made vile, conspiracy-tinged statement tying NYPD to IDF, resurfaced video shows",https://nypost.com/2025/10/28/us-news/zohran-mamdani-made-vile-conspiracy-tinged-statement-tying-nypd-to-idf-resurfaced-video/
Eric Adams rips NYC mayoral candidate Zohran Mamdani as 'snake oil salesman',https://nypost.com/2025/06/25/us-news/eric-adams-rips-nyc-mayoral-candidate-zohran-mamdani-as-snake-oil-salesman/
Girlfriend of late star Philip Seymour Hoffman joins other wealthy lefties in Zohran Mamdani campaign ad,https://nypost.com/2025/04/29/us-news/girlfriend-of-late-star-philip-seymour-hoffman-joins-other-wealthy-lefties-in-zohran-mamdani-campaign-ad/
Zohran Mamdani campaign in ‘coordination’ with at least $1.8M in Super PAC spending: complaint,https://nypost.com/2025/11/03/us-news/zohran-mamdani-campaign-in-coordination-with-at-least-1-8m-in-super-pac-spending-complaint/
NYC pol rips Jewish activist over photo op with anti-Israel mayoral candidate Zohran Mamdani: ‘Don’t even bother calling’ for funding,https://nypost.com/2025/08/16/us-news/nyc-pol-rips-jewish-activist-over-photo-op-with-zohran-mamdani-dont-even-bother-calling-for-funding/
Doubling down on Israel-bashing: Zohran Mamdani at his MOST sincere,https://nypost.com/2025/09/15/opinion/doubling-down-on-israel-bashing-zohran-mamdani-at-his-most-sincere/
"Eric Adams’ chilling warning on Zohran Mamdani, DSA as outgoing mayor rips into front-runner",https://nypost.com/2025/10/14/us-news/eric-adams-chilling-warning-on-zohran-mamdani-dsa-as-outgoing-mayor-rips-into-front-runner/
Ex-‘Squad’ Rep. Jamaal Bowman could become NYC schools chancellor under Zohran Mamdani: sources,https://nypost.com/2025/07/03/us-news/ex-squad-rep-jamaal-bowman-could-become-nyc-schools-chancellor-under-zohran-mamdani-sources/
Zohran Mamdani wants to divest NYC pension investments from Israel if elected mayor,https://nypost.com/2025/09/08/us-news/zohran-mamdani-wants-to-divest-nyc-pension-investments-from-israel-if-elected-mayor/
Critics blast Zohran Mamdani for clinging to Ugandan dual citizenship despite harsh anti-gay policies,https://nypost.com/2025/10/07/us-news/critics-blast-zohran-mamdani-for-clinging-to-ugandan-dual-citizenship-despite-harsh-anti-gay-policies/
Top House Dem Hakeem Jeffries demands socialist Zohran Mamdani ‘clarify’ his defense of ‘intifada’ chant,https://nypost.com/2025/06/30/us-news/hakeem-jeffries-demands-zohran-mamdani-clarify-his-defense-of-intifada-chant/
Andrew Cuomo argues Zohran Mamdani would be a 'gift' to Trump on 'The View',https://www.foxnews.com/media/andrew-cuomo-argues-zohran-mamdani-would-gift-trump-the-view
Zohran Mamdani says he’ll reach out to Trump before taking office: ‘This is a relationship that will be critical’,https://nypost.com/2025/11/12/us-news/zohran-mamdani-says-hell-reach-out-to-trump-before-taking-office-this-is-a-relationship-that-will-be-critical/
Disgraced ex-Rep. George Santos claims he’s fleeing NYC to avoid ‘evil’ of Zohran Mamdani as mayor: ‘I’m out’,https://nypost.com/2025/11/07/us-news/george-santos-is-fleeing-new-york-city-after-socialist-zohran-mamdanis-victory-in-the-mayoral-election/
DAVID MARCUS: Guess who we have to thank for Zohran Mamdani,https://www.foxnews.com/opinion/david-marcus-guess-who-we-have-thank-zohran-mamdani
Zohran Mamdani mulls tapping Bill de Blasio’s controversial homeless services chief as NYC’s top lawyer,https://nypost.com/2025/11/11/us-news/zohran-mamdani-may-tap-ex-homeless-services-chief-as-nycs-top-lawyer/
Zohran Mamdani can win NYC mayoral election — despite New Yorkers disagreeing with progressive points: poll,https://nypost.com/2025/10/28/us-news/zohran-mamdani-can-win-mayoral-election-despite-new-yorkers-disagreeing-with-progressive-points-poll/
Texts reveal Zohran Mamdani has been chatting with Chicago’s deeply unpopular far-left Mayor Brandon Johnson,https://nypost.com/2025/09/12/us-news/texts-reveal-zohran-mamdani-has-been-chatting-with-chicagos-deeply-unpopular-far-left-mayor-brandon-johnson/
Zohran Mamdani lands key endorsement in New York City mayoral race,https://www.foxnews.com/politics/zohran-mamdani-lands-key-endorsement-new-york-city-mayoral-race
Who is Rama Duwaji? Wife of NYC mayoral candidate Zohran Mamdani he met on Hinge,https://nypost.com/2025/06/25/us-news/who-is-rama-duwaji/
"Disgraced ex-Rep. Anthony Weiner makes blunt prediction about Zohran Mamdani, top Dems in NYC mayoral race: ‘It’s inevitable’",https://nypost.com/2025/08/17/us-news/disgraced-ex-rep-anthony-weiner-makes-blunt-prediction-about-zohran-mamdani-top-dems-in-nyc-mayoral-race-its-inevitable/
Zohran Mamdani receives car bomb threat in vile voicemail — prompting NYPD hate crime probe,https://nypost.com/2025/06/19/us-news/zohran-mamdani-receives-car-bomb-threat-in-vile-voicemail-prompting-nypd-hate-crime-probe/
How backbencher Zohran Mamdani took on political veteran Andrew Cuomo — and won NYC’s mayoral election,https://nypost.com/2025/11/05/us-news/how-backbencher-zohran-mamdani-took-on-andrew-cuomo-and-won-nycs-mayoral-election/
Zohran Mamdani goes total word salad on plans to make amends for past anti-cop statements,https://nypost.com/2025/09/15/us-news/zohran-mamdani-goes-total-word-salad-on-plans-to-make-amends-for-prior-anti-cop-statements/
Zohran Mamdani ‘cut and pasted’ same 9/11 anniversary statement for years,https://nypost.com/2025/09/10/us-news/zohran-mamdani-cut-and-pasted-same-9-11-anniversary-statement-for-years/
"Zohran Mamdani endorsed by Queen borough president — who compares socialist to Obama, urges fellow Dems to ‘meet the moment’",https://nypost.com/2025/08/15/us-news/zohran-mamdani-endorsed-by-queen-borough-president-who-compares-socialist-to-obama/
Andrew Cuomo slams Zohran Mamdani to begin NYC mayoral debate — says Trump will knock him on his ‘tuckus’,https://nypost.com/2025/10/22/us-news/andrew-cuomo-slams-zohran-mamdani-during-nyc-mayoral-debate-says-trump-will-knock-him-on-his-tuckus/
NYC Jewish groups vow to hold Zohran Mamdani accountable,https://nypost.com/2025/11/05/us-news/nyc-jewish-groups-vow-to-hold-zohran-mamdani-accountable/
Zohran Mamdani victory in NYC mayoral primary is ‘political earthquake’ for the Democratic Party,https://nypost.com/2025/06/25/us-news/zohran-mamdanis-victory-over-andrew-cuomo-is-a-political-earthquake-for-the-democratic-party/
Uganda-born Zohran Mamdani ID’d himself as Asian and African American on Columbia application: report,https://nypost.com/2025/07/03/us-news/uganda-born-zohran-mamdani-idd-himself-as-asian-and-african-american-on-columbia-application-report/
NYC mayoral candidate Zohran Mamdani defends BDS support amid Israel controversy,https://www.foxnews.com/politics/nyc-mayoral-candidate-zohran-mamdani-defends-bds-support-amid-israel-controversy
Zohran Mamdani meets with NYPD Commissioner Jessica Tisch — but won’t say if she’ll stay on job,https://nypost.com/2025/11/16/us-news/zohran-mamdani-meets-with-nypd-commissioner-jessica-tisch-but-wont-say-if-shell-say-on-job/
"Zohran Mamdani ally Linda Sarsour, NYC DSA pol threaten to root out pro-Israel ‘corporate Democrats’",https://nypost.com/2025/11/06/us-news/zohran-mamdani-ally-linda-sarsour-nyc-dsas-alexa-aviles-go-after-pro-israel-corporate-democrats/
Zohran Mamdani spews word salad excuse after Barack Obama endorsement snub just one day before election,https://nypost.com/2025/11/03/us-news/zohran-mamdani-spews-word-salad-excuse-after-barack-obama-endorsement-snub-just-one-day-before-election/
"Young progressives look to Zohran Mamdani, AOC as future of the Democratic Party – under one condition",https://www.foxnews.com/politics/young-progressives-look-zohran-mamdani-aoc-future-democratic-party-one-key-caveat
Founder of prominent NYC bodega owners’ group resigns over Zohran Mamdani mayoral endorsement,https://nypost.com/2025/10/29/us-news/founder-of-prominent-nyc-bodega-owners-group-resigns-over-zohran-mamdani-mayoral-endorsement/
Zohran Mamdani demands FIFA reverse its dynamic pricing for 2026 World Cup,https://nypost.com/2025/09/09/sports/zohran-mamdani-demands-fifa-reverse-dynamic-pricing-for-world-cup/
Exclusive | Powerful NY Democratic Party Chair Jay Jacobs plans to stay on despite dissing Zohran Mamdani,https://nypost.com/2025/11/17/us-news/powerful-ny-democratic-party-chair-jay-jacobs-plans-to-stay-on-despite-dissing-zohran-mamdani/
‘Escape From New York’: Researcher predicts NYC business exodus if Zohran Mamdani wins,https://www.foxnews.com/politics/escape-from-new-york-researcher-predicts-nyc-business-exodus-zohran-mamdani-wins
Andrew Cuomo claims Trump will target NYC if Zohran Mamdani wins: ‘Mayor Trump’,https://nypost.com/2025/08/28/us-news/cuomo-claims-trump-will-target-nyc-if-mamdani-wins-as-he-shifts-blame-on-bail-reforms-he-passed-as-gov/
New York Republicans warn of 'disaster' if 'dangerous' Zohran Mamdani wins mayoral race,https://www.foxnews.com/politics/new-york-republicans-warn-disaster-dangerous-zohran-mamdani-wins-mayoral-race
Queens Democrat Party snubs own Assemblyman Zohran Mamdani — refuses to endorse him for NYC mayor,https://nypost.com/2025/11/02/us-news/queens-democrat-party-snubs-own-assemblyman-zohran-mamdani-refuses-to-endorse-him-for-nyc-mayor/
Billionaire Zohran Mamdani donor bankrolling national ‘woke math’ movement,https://nypost.com/2025/09/06/us-news/billionaire-zohran-mamdani-donor-bankrolling-national-woke-math-movement/
Top NYC restaurant owner’s criticism of ‘con artist’ Zohran Mamdani leads to public insults from Keith McNally,https://nypost.com/2025/07/21/us-news/david-rabins-criticism-of-zohran-mamdani-leads-to-insults-from-keith-mcnally/
UFT backing Zohran Mamdani for NYC mayor has members crying foul,https://nypost.com/2025/07/12/us-news/uft-backing-zohran-mamdani-for-nyc-mayor-has-members-crying-foul/
"Bernie Sanders, Zohran Mamdani team up to 'fight oligarchy' in NYC",https://www.foxnews.com/politics/bernie-sanders-zohran-mamdani-team-up-fight-oligarchy-nyc
"Socialist NYC Mayor-elect Zohran Mamdani fires shots at President Trump, threatens he will ‘utilize the courts’",https://nypost.com/2025/11/05/us-news/zohran-mamdani-fires-shots-at-trump-threatens-to-utilize-the-courts/
‘Hot Girls for Cuomo’ launched by Trump-loving podcaster — taking shots at Zohran Mamdani supporters,https://nypost.com/2025/10/22/us-news/hot-girls-for-cuomo-launched-by-trump-loving-podcaster-taking-shots-at-zohran-mamdani-voters/
These are the outrageously radical DSA-NYC policies Zohran Mamdani refuses to say he rejects,https://nypost.com/2025/08/28/us-news/these-are-the-outrageously-radical-dsa-nyc-policies-zohran-mamdani-refuses-to-say-he-rejects/
"NYC Socialists blast ‘machine Dems’ backing Cuomo as they push Zohran Mamdani to older, minority voters",https://nypost.com/2025/05/19/us-news/nyc-socialists-blast-machine-dems-backing-cuomo-as-they-push-zohran-mamdani-to-older-minority-voters/
Zohran Mamdani still won’t say Israel has a right to existas Jewish state — and faces quick backlash from Andrew Cuomo during debate,https://nypost.com/2025/06/04/us-news/zohran-mamdani-still-wont-answer-if-israel-has-a-right-to-exists-jewish-state-and-faces-quick-backlash-from-andrew-cuomo-during-debate/
Antisocialists! NYC singles cancel dates over feelings about Zohran Mamdani: ‘dealbreaker’,https://nypost.com/2025/06/28/us-news/nyc-singles-cancel-dates-over-feelings-about-mamdani-dealbreaker/
Zohran Mamdani can’t explain how policies will fund $10B in ‘freebies’ during NYC mayoral debate,https://nypost.com/2025/10/16/us-news/zohran-mamdani-offers-up-word-salad-on-how-he-will-pay-for-10b-in-socialist-freebies-without-new-taxes/
Andrew Cuomo backed by NYC Satmar Hasidic community after rabbi issues ‘unauthorized’ Zohran Mamdani endorsement,https://nypost.com/2025/11/03/us-news/andrew-cuomo-backed-by-nyc-satmar-hasidic-community-after-rabbi-issues-unauthorized-zohran-mamdani-endorsement/
Zohran Mamdani vows to 'Trump-proof NYC' in fiery Staten Island event,https://www.foxnews.com/politics/zohran-mamdani-vows-trump-proof-nyc-fiery-staten-island-event
Zohran Mamdani flashes beaming smile in pic with Uganda bigwig who pushed law to put gay people in jail for life,https://nypost.com/2025/10/05/us-news/zohran-mamdani-flashes-beaming-smile-in-pic-with-uganda-bigwig-who-pushed-law-to-put-gay-people-in-jail-for-life/
"House Republican demands Zohran Mamdani be stripped of citizenship, deported over 'anti-Israel' stance",https://www.foxnews.com/politics/house-republican-calls-zohran-mamdani-face-denaturalization-deportation
Zohran Mamdani holds private meeting with Archbishop Dolan to discuss 'broad range of issue' in NYC mayoral race,https://nypost.com/2025/08/19/us-news/zohran-mamdani-holds-private-meeting-with-archbishop-dolan-to-discuss-broad-range-of-issue-in-nyc-mayoral-race/
Zohran Mamdani taps Big Tech antagonist Lina Khan as co-chair of mayoral transition team,https://nypost.com/2025/11/05/business/zohran-mamdani-taps-lina-khan-as-co-chair-of-nyc-mayor-transition-team/
New York’s special interests will eat Zohran Mamdani for lunch,https://nypost.com/2025/07/05/opinion/zohram-mamdani-is-a-lightweight-whose-ideas-are-fluff/
Eric Adams officially kicks off NYC mayoral campaign with swipes at Zohran Mamdani: ‘Blue collar or silver spoon’,https://nypost.com/2025/06/26/us-news/eric-adams-officially-kicks-off-nyc-mayoral-campaign-with-swipes-at-zohran-mamdani-blue-collar-or-silver-spoon/
Zohran Mamdani doesn’t recognize this famous New Yorker in quiz about famous Gotham songs,https://nypost.com/2025/10/30/us-news/zohran-mamdani-doesnt-recognize-billy-joel-in-quiz-about-famous-new-york-songs/
Trump tells New York ‘you must vote’ for Andrew Cuomo over Zohran Mamdani in NYC election — and ditch Curtis Sliwa,https://nypost.com/2025/11/03/us-news/trump-tells-new-york-you-must-vote-for-andrew-cuomo-over-zohran-mamdani-in-nyc-election-and-ditch-curtis-sliwa/
Eric Adams praises NY Dem boss for refusing to endorse Zohran Mamdani: ‘Rejecting the march toward socialism’,https://nypost.com/2025/09/19/us-news/eric-adams-praises-ny-dem-boss-for-refusing-to-endorse-zohran-mamdani/
PA Gov. Josh Shapiro bashes NYC mayoral candidate Zohran Mamdani over failure to condemn ‘blatantly antisemitic’ extremists,https://nypost.com/2025/07/24/us-news/josh-shapiro-bashes-mamdani-over-failure-to-condemn-blatantly-antisemitic-extremists/
Trump vows to 'save New York City' from Zohran Mamdani: 'I hold all the levers',https://www.foxnews.com/politics/trump-vows-save-new-york-city-from-zohran-mamdani-i-hold-all-levers
Jewish leaders urge Stephen Colbert to grill Zohran Mamdani,https://nypost.com/2025/06/23/us-news/jewish-leaders-urge-stephen-colbert-to-grill-zohran-mamdani/
Zohran Mamdani repeatedly pressed on whether he condemns 'globalize the intifada' term in NBC interview,https://www.foxnews.com/media/zohran-mamdani-repeatedly-pressed-whether-he-condemns-globalize-intifada-term-nbc-interview
"Colbert grills Dem socialist NYC mayoral candidate Zohran Mamdani on Israel, antisemitism",https://www.foxnews.com/media/colbert-grills-dem-socialist-nyc-mayoral-candidate-zohran-mamdani-israel-antisemitism
Zohran Mamdani now changes tune on Gov. Hochul – praising her on affordability after saying she ‘failed’ New Yorkers,https://nypost.com/2025/10/15/us-news/zohran-mamdani-now-changes-tune-on-gov-hochul-praising-her-on-affordability-after-saying-she-failed-new-yorkers/
NYC socialist would-be mayor Zohran Mamdani throws lavish wedding bash in Uganda,https://www.foxnews.com/politics/nyc-democratic-mayoral-candidade-zohran-mamdani-throws-lavish-wedding-bash-military-guards-uganda
Powerful NYC teachers union endorses Zohran Mamdani despite radical take on mayoral control of schools,https://nypost.com/2025/07/08/us-news/powerful-nyc-teachers-union-endorses-zohran-mamdani-despite-radical-take-on-mayoral-control-of-schools/
Jon Voight tells Trump he must save New York from ‘communist fool’ Zohran Mamdani,https://nypost.com/2025/11/15/us-news/jon-voight-tells-trump-he-must-save-new-york-from-socialist-crap-city-fate-with-mamdani/
Zohran Mamdani is giving NYC businesses fair notice: He’s coming after them,https://nypost.com/2025/07/17/opinion/zohran-mamdani-is-giving-nyc-businesses-fair-notice-hes-coming-after-them/
